norm i,sigmoid norm i,norm o,sigmoid norm o,norm f,sigmoid norm f,norm cell state,c1,c2,reg_loss1,reg_loss2,loss_
0.5585852265357971,0.6361250877380371,0.7512772679328918,0.6794569492340088,0.43079689145088196,0.606063961982727,5.74612283706665,0.017858386039733887,5.1388397216796875,0.0005304407812006251,18.46975720901878,52.356536865234375
0.5565851926803589,0.6356620192527771,0.7492772936820984,0.6790211796760559,0.42979690432548523,0.6058251857757568,5.721123218536377,0.017193317413330078,5.106097221374512,0.0005382643770036194,17.005573167843977,51.38972854614258
0.5545830130577087,0.6351982355117798,0.7472746968269348,0.6785845756530762,0.4287984073162079,0.6055867075920105,5.696095943450928,0.01652848720550537,5.073370933532715,0.0004559263601594289,19.032415707311884,52.219932556152344
0.5525825023651123,0.6347345113754272,0.7452727556228638,0.6781477928161621,0.42779675126075745,0.6053474545478821,5.67108678817749,0.015862464904785156,5.0407185554504395,0.0005401914801401314,15.346780717704405,51.34944152832031
0.5505738258361816,0.6342687010765076,0.743263840675354,0.67770916223526,0.42680084705352783,0.6051095128059387,5.645974636077881,0.01519775390625,5.007985591888428,0.0004773816551541833,15.575278344763888,52.034523010253906
0.5485646724700928,0.6338024735450745,0.7412557005882263,0.6772704124450684,0.4258092939853668,0.6048725247383118,5.620849609375,0.014534831047058105,4.975289821624756,0.0004321247833961525,16.672727710836625,51.52629089355469
0.5465571284294128,0.6333364248275757,0.7392488121986389,0.6768315434455872,0.42481520771980286,0.6046348810195923,5.595738410949707,0.013870835304260254,4.9426655769348145,0.00044216926435150516,15.467262131012376,51.50707244873047
0.544544517993927,0.6328689455986023,0.737237811088562,0.6763915419578552,0.4238223433494568,0.6043975353240967,5.570555686950684,0.013206958770751953,4.910004138946533,0.000359830376632243,17.37012838292776,51.76116180419922
0.5425379276275635,0.6324025988578796,0.7352312207221985,0.675952136516571,0.422824889421463,0.6041590571403503,5.545437812805176,0.012541651725769043,4.877479553222656,0.0003431673734379404,17.3756294406669,51.575111389160156
0.5405486822128296,0.6319400072097778,0.7332385778427124,0.6755155324935913,0.42182350158691406,0.6039195656776428,5.5205206871032715,0.011876583099365234,4.845266819000244,0.0003473436555452708,16.153771660701636,51.557212829589844
0.5385592579841614,0.6314772367477417,0.7312461137771606,0.6750786304473877,0.42082223296165466,0.6036800146102905,5.495588779449463,0.011211514472961426,4.813091278076172,0.00032869261129716415,15.330595140122568,52.3193244934082
0.5365575551986694,0.6310112476348877,0.7292432188987732,0.6746391654014587,0.41982170939445496,0.6034405827522278,5.470491409301758,0.01054525375366211,4.780756950378418,0.0002680078938619157,16.977683985109252,51.72651290893555
0.5345699191093445,0.6305482983589172,0.7272512912750244,0.6742017865180969,0.4188164472579956,0.6031999588012695,5.445552349090576,0.009878396987915039,4.748679161071777,0.0002525685848879626,17.117649649585474,52.43352508544922
0.532599687576294,0.6300892233848572,0.725292980670929,0.6737715005874634,0.4182018041610718,0.6030529141426086,5.420811653137207,0.009372830390930176,4.716925621032715,0.0002629647124581941,15.792007881109384,51.28837203979492
0.5306376814842224,0.6296318769454956,0.7233566045761108,0.6733457446098328,0.4182018041610718,0.6030529141426086,5.396153450012207,0.009116053581237793,4.685343265533447,0.0002554889821502551,15.34516823702404,52.359718322753906
0.5286738872528076,0.6291738152503967,0.7214299440383911,0.6729218363761902,0.4182018041610718,0.6030529141426086,5.3714518547058105,0.008860468864440918,4.653768062591553,0.0002505872146545095,14.758815529426897,53.04301452636719
0.5267084836959839,0.6287150979042053,0.7195113301277161,0.6724993586540222,0.4182018041610718,0.6030529141426086,5.346709251403809,0.008605599403381348,4.622201442718506,0.0002621823272000532,13.65620308587927,50.6179313659668
0.5247460007667542,0.6282569169998169,0.7176035642623901,0.6720790863037109,0.4182018041610718,0.6030529141426086,5.321979522705078,0.008352160453796387,4.590714454650879,0.00021014857634841372,16.011208164136406,52.71712112426758
0.5227816104888916,0.6277980208396912,0.715700626373291,0.6716595888137817,0.4182018041610718,0.6030529141426086,5.297202110290527,0.008099198341369629,4.559226036071777,0.00020402874448516121,16.06616067507821,51.384830474853516
0.520824670791626,0.62734055519104,0.7138106226921082,0.6712425947189331,0.4182018041610718,0.6030529141426086,5.272492408752441,0.00784766674041748,4.527883052825928,0.00021922430361380474,14.554850889986142,51.68431854248047
0.51887446641922,0.6268845796585083,0.7119320034980774,0.6708279252052307,0.4182018041610718,0.6030529141426086,5.247840881347656,0.007597565650939941,4.496673583984375,0.00018734814822890522,15.59340462891464,51.81787109375
0.516930341720581,0.6264297366142273,0.7100633978843689,0.6704151630401611,0.4182018041610718,0.6030529141426086,5.22323751449585,0.007348775863647461,4.465583801269531,0.00020314549016565292,14.363716298419149,50.814727783203125
0.5149891376495361,0.6259753108024597,0.7082011103630066,0.6700035333633423,0.4182018041610718,0.6030529141426086,5.198642730712891,0.007100462913513184,4.4345622062683105,0.00020568636142077185,13.888609031523174,51.81198501586914
0.5130534172058105,0.6255220174789429,0.7063469886779785,0.6695934534072876,0.4182018041610718,0.6030529141426086,5.174086093902588,0.006853222846984863,4.403646945953369,0.00019720914674600798,14.532752904622726,51.551963806152344
0.511127233505249,0.6250706911087036,0.7045045495033264,0.6691857576370239,0.4182018041610718,0.6030529141426086,5.1496195793151855,0.0066072940826416016,4.372901916503906,0.00019163045167090546,13.39698543988311,51.117706298828125
0.5092049837112427,0.6246200799942017,0.7026680111885071,0.6687790751457214,0.4182018041610718,0.6030529141426086,5.12516975402832,0.0063620805740356445,4.342235565185547,0.0002212322796331899,10.885527520787491,51.50541687011719
0.5072501301765442,0.6241616010665894,0.7008007764816284,0.6683652997016907,0.4182018041610718,0.6030529141426086,5.100276470184326,0.006112575531005859,4.311068534851074,0.00017867860379331552,12.854678408115433,51.32581329345703
0.5053087472915649,0.6237061023712158,0.6989477872848511,0.6679544448852539,0.4182018041610718,0.6030529141426086,5.075521945953369,0.005864739418029785,4.280133247375488,0.00015402857543139054,14.569920360256674,51.8580436706543
0.5033876895904541,0.6232551336288452,0.6971155405044556,0.6675479412078857,0.4182018041610718,0.6030529141426086,5.050992012023926,0.005619645118713379,4.24953556060791,0.0001649449533518508,12.671891349907582,51.55611038208008
0.5014685988426208,0.6228043437004089,0.6952860355377197,0.6671417951583862,0.4182018041610718,0.6030529141426086,5.026449680328369,0.0053746700286865234,4.218978404998779,0.00016135732508907458,12.205763859405124,51.901283264160156
0.4995396137237549,0.6223511099815369,0.6934474110603333,0.6667333841323853,0.4182018041610718,0.6030529141426086,5.001745223999023,0.005128383636474609,4.188276767730713,0.0001513111078361752,12.44744974347384,53.022804260253906
0.49760764837265015,0.6218969821929932,0.6916062235832214,0.6663241386413574,0.4182018041610718,0.6030529141426086,4.97696590423584,0.004881620407104492,4.1575398445129395,0.0001379093396463027,13.033092365065272,51.784664154052734
0.49729207158088684,0.6218227744102478,0.6897713541984558,0.6659160852432251,0.4182018041610718,0.6030529141426086,4.952228546142578,0.00463557243347168,4.130035877227783,0.00014122199125310604,12.596773784348557,52.83203887939453
0.49611595273017883,0.6215461492538452,0.6879400610923767,0.665508508682251,0.4182018041610718,0.6030529141426086,4.9274983406066895,0.004389762878417969,4.100898742675781,0.00013057075894395281,12.645909417025223,53.04323196411133
0.49451780319213867,0.6211701035499573,0.6861135959625244,0.6651018261909485,0.4182018041610718,0.6030529141426086,4.902792453765869,0.004144430160522461,4.071014404296875,0.00013274706865477187,11.866612473896566,50.71307373046875
0.49263355135917664,0.6207266449928284,0.6842879056930542,0.6646950244903564,0.4182018041610718,0.6030529141426086,4.878057956695557,0.003899216651916504,4.040597438812256,0.0001357521531077186,11.177661713919633,51.25591278076172
0.4905337393283844,0.6202321648597717,0.6824536919593811,0.6642861366271973,0.4182018041610718,0.6030529141426086,4.853171348571777,0.0036525726318359375,4.0096564292907715,0.00011936865217364312,12.3080360964085,52.65821838378906
0.48834294080734253,0.6197159886360168,0.6806358098983765,0.6638805866241455,0.4182018041610718,0.6030529141426086,4.828464031219482,0.003408074378967285,3.978790760040283,0.0001389474913359237,9.917897377869167,50.677154541015625
0.48705413937568665,0.6194122433662415,0.6788163185119629,0.663474440574646,0.4182018041610718,0.6030529141426086,4.803695201873779,0.0031630992889404297,3.9496145248413086,0.00011074872898107768,11.801659755512333,51.742149353027344
0.48571792244911194,0.6190971732139587,0.6770175099372864,0.6630727052688599,0.4182018041610718,0.6030529141426086,4.779165267944336,0.002920866012573242,3.9206457138061523,0.00013142831720397256,9.72696310066027,50.95026397705078
0.48430389165878296,0.6187636852264404,0.6752068400382996,0.6626681089401245,0.4182018041610718,0.6030529141426086,4.7544355392456055,0.002676844596862793,3.891356945037842,0.00010481709135743561,11.049018721714162,51.990989685058594
0.48284921050071716,0.6184204816818237,0.6734105944633484,0.6622664332389832,0.4182018041610718,0.6030529141426086,4.729859352111816,0.0024346113204956055,3.862198829650879,0.00010203185930101298,10.84507422313851,51.884010314941406
0.4813535809516907,0.6180674433708191,0.6716233491897583,0.6618665456771851,0.4182018041610718,0.6030529141426086,4.705361366271973,0.002193450927734375,3.8330912590026855,0.00010802136167286161,10.155485244444833,52.5416374206543
0.4798252582550049,0.6177066564559937,0.6698477268218994,0.6614691019058228,0.4182018041610718,0.6030529141426086,4.681324005126953,0.0019538402557373047,3.804445266723633,8.563426039259487e-05,11.33864348558518,52.61140060424805
0.47827214002609253,0.6173397898674011,0.668086588382721,0.6610745787620544,0.4182018041610718,0.6030529141426086,4.658850193023682,0.0017158985137939453,3.7774062156677246,8.937440817676293e-05,10.814894636581016,52.39216232299805
0.4766879081726074,0.6169654726982117,0.6663304567337036,0.6606810092926025,0.4182018041610718,0.6030529141426086,4.636224746704102,0.0014785528182983398,3.7501964569091797,9.297432211640907e-05,9.973561251484227,52.59221649169922
0.4752828776836395,0.616633415222168,0.6645673513412476,0.6602856516838074,0.4182018041610718,0.6030529141426086,4.613299369812012,0.0012401342391967773,3.723038673400879,7.814965369746119e-05,10.83951592511562,53.18689727783203
0.4739859402179718,0.6163267493247986,0.6628216505050659,0.6598939895629883,0.4182018041610718,0.6030529141426086,4.590428352355957,0.001003861427307129,3.696178436279297,8.684981567185467e-05,9.142527893319311,51.80951690673828
0.47239068150520325,0.6159494519233704,0.6610788106918335,0.6595026850700378,0.4182018041610718,0.6030529141426086,4.567422389984131,0.0007679462432861328,3.6686811447143555,7.763639388333639e-05,10.227332320915934,52.17515563964844
0.47102200984954834,0.6156256198883057,0.6593500971794128,0.6591143608093262,0.4182018041610718,0.6030529141426086,4.544451713562012,0.0005336999893188477,3.6416726112365723,6.928587278980103e-05,10.22656840855052,51.0972785949707
0.46975475549697876,0.6153256893157959,0.6576409935951233,0.6587302684783936,0.4182018041610718,0.6030529141426086,4.521604061126709,0.0003020763397216797,3.6150174140930176,7.236372964643852e-05,9.096095542761987,52.110816955566406
0.4684261679649353,0.6150111556053162,0.655932605266571,0.6583461165428162,0.4182018041610718,0.6030529141426086,4.498623847961426,7.045269012451172e-05,3.5881528854370117,6.583949234093694e-05,9.979537483098227,51.738834381103516
0.46703749895095825,0.6146823167800903,0.6542204022407532,0.6579608917236328,0.4182018041610718,0.6030529141426086,4.475458145141602,-0.00016182661056518555,3.561025619506836,6.936805555974278e-05,8.549703354456597,51.04832458496094
0.46558988094329834,0.6143394112586975,0.6525002717971802,0.6575736403465271,0.4182018041610718,0.6030529141426086,4.452056884765625,-0.000395357608795166,3.5335865020751953,7.132145824184036e-05,7.7642795398318185,52.19974899291992
0.46407657861709595,0.613980770111084,0.6507614850997925,0.6571820378303528,0.4182018041610718,0.6030529141426086,4.428280353546143,-0.0006315708160400391,3.5056772232055664,5.9138606860737256e-05,8.842459603391887,53.3704833984375
0.46269702911376953,0.6136537790298462,0.6490420699119568,0.6567946076393127,0.4182018041610718,0.6030529141426086,4.404667854309082,-0.0008652210235595703,3.4782180786132812,6.068515600467315e-05,8.033229059580663,51.49303436279297
0.4613454043865204,0.6133332848548889,0.6473215222358704,0.656406581401825,0.4182018041610718,0.6030529141426086,4.380934715270996,-0.0010991692543029785,3.4507203102111816,5.520974590070369e-05,8.043901826833917,51.56385040283203
0.45989131927490234,0.6129883527755737,0.6455982327461243,0.6560178399085999,0.4182018041610718,0.6030529141426086,4.357064247131348,-0.0013336539268493652,3.422941207885742,5.118205266791114e-05,8.279111058216756,51.17533874511719
0.4585670828819275,0.6126741766929626,0.6438783407211304,0.6556296348571777,0.4182018041610718,0.6030529141426086,4.333812236785889,-0.0015677213668823242,3.396052360534668,5.246337746530813e-05,7.475452541053755,52.299407958984375
0.45719239115715027,0.6123479008674622,0.6421656012535095,0.6552428007125854,0.4182018041610718,0.6030529141426086,4.310931205749512,-0.0018010139465332031,3.369493007659912,4.72121853983664e-05,7.948312468110373,50.90518569946289
0.45575079321861267,0.6120056509971619,0.6404402852058411,0.6548529863357544,0.4182018041610718,0.6030529141426086,4.287681579589844,-0.0020360946655273438,3.342475414276123,4.6732491697358894e-05,7.501603292558059,52.7784423828125
0.4545765817165375,0.6117267608642578,0.6387060284614563,0.6544609069824219,0.4182018041610718,0.6030529141426086,4.264129638671875,-0.0022725462913513184,3.315631866455078,3.843657074250814e-05,8.197168502333966,51.9290771484375
0.45321041345596313,0.6114022731781006,0.6369911432266235,0.6540729999542236,0.4182018041610718,0.6030529141426086,4.240691184997559,-0.002506434917449951,3.288628101348877,3.810566241020663e-05,7.421569739142683,52.25853729248047
0.45165786147117615,0.6110333204269409,0.6352681517601013,0.653683066368103,0.4182018041610718,0.6030529141426086,4.216983795166016,-0.0027416348457336426,3.2610745429992676,3.3612937828395376e-05,8.006062027848202,52.028507232666016
0.45035508275032043,0.610723614692688,0.6335455775260925,0.6532929539680481,0.4182018041610718,0.6030529141426086,4.19313907623291,-0.0029768943786621094,3.2338337898254395,3.489253150755489e-05,7.5620920032841354,52.2979850769043
0.4489952623844147,0.6104003190994263,0.6318274140357971,0.65290367603302,0.4182018041610718,0.6030529141426086,4.1692214012146,-0.0032116174697875977,3.2064647674560547,2.9819053775693473e-05,7.773398951863555,51.28795623779297
0.447597473859787,0.6100678443908691,0.6301247477531433,0.6525177359580994,0.4182018041610718,0.6030529141426086,4.14539909362793,-0.0034443140029907227,3.179175853729248,3.53639309206618e-05,6.093948135083593,51.551483154296875
0.4463910460472107,0.6097807884216309,0.6283966898918152,0.6521258354187012,0.4182018041610718,0.6030529141426086,4.12113094329834,-0.003680706024169922,3.1517701148986816,2.6313580645774548e-05,7.4338659044889255,51.681732177734375
0.44500094652175903,0.6094499826431274,0.6266751885414124,0.651735246181488,0.4182018041610718,0.6030529141426086,4.0983734130859375,-0.00391620397567749,3.1256279945373535,2.552662020390093e-05,6.971842492023029,53.15727996826172
0.44469544291496277,0.6093772649765015,0.624957799911499,0.6513452529907227,0.4182018041610718,0.6030529141426086,4.076432228088379,-0.004151403903961182,3.1020822525024414,2.441088238912606e-05,6.743981025111225,51.570159912109375
0.44387251138687134,0.6091814041137695,0.623257577419281,0.6509590744972229,0.4182018041610718,0.6030529141426086,4.054393768310547,-0.004384338855743408,3.077639579772949,2.027302239343727e-05,7.179057461323509,51.79710006713867
0.4427605867385864,0.6089165806770325,0.6215781569480896,0.6505773663520813,0.4182018041610718,0.6030529141426086,4.032387733459473,-0.004614531993865967,3.052807331085205,2.046847316800526e-05,6.321540479219607,52.26025390625
0.441452294588089,0.6086050868034363,0.6198932528495789,0.6501942873001099,0.4182018041610718,0.6030529141426086,4.01171350479126,-0.0048454999923706055,3.0290307998657227,1.7343563293363735e-05,6.861062510130125,52.11372756958008
0.4400036036968231,0.6082598567008972,0.6182118058204651,0.6498117446899414,0.4182018041610718,0.6030529141426086,3.990642547607422,-0.005076229572296143,3.004666805267334,1.6384953151044566e-05,6.371335593710114,51.20792007446289
0.4390000104904175,0.6080207228660583,0.6165261268615723,0.6494280695915222,0.4182018041610718,0.6030529141426086,3.9697322845458984,-0.005307555198669434,2.9811911582946777,1.5204923217102158e-05,6.257647170392772,52.29595947265625
0.4381500482559204,0.6078181266784668,0.6148504614830017,0.6490464806556702,0.4182018041610718,0.6030529141426086,3.9485373497009277,-0.005537748336791992,2.9576990604400635,1.4851859359767995e-05,5.813694577620481,51.834815979003906
0.4371781349182129,0.6075864434242249,0.6131622195243835,0.6486617922782898,0.4182018041610718,0.6030529141426086,3.926755428314209,-0.005769670009613037,2.9334487915039062,1.1840557624704165e-05,6.261378243695276,52.135780334472656
0.4361097812652588,0.6073316335678101,0.6114734411239624,0.6482768058776855,0.4182018041610718,0.6030529141426086,3.9057257175445557,-0.006001889705657959,2.9098291397094727,1.0794394794663709e-05,6.293262595385272,50.14952850341797
0.4349576234817505,0.6070568561553955,0.6097864508628845,0.6478920578956604,0.4182018041610718,0.6030529141426086,3.885056972503662,-0.006233930587768555,2.886471748352051,9.079530578608771e-06,6.481671030983591,52.289852142333984
0.4337478280067444,0.6067683100700378,0.608116090297699,0.6475109457969666,0.4182018041610718,0.6030529141426086,3.864154100418091,-0.0064637064933776855,2.862830400466919,8.00413598124692e-06,6.136079663095188,51.403594970703125
0.4329417049884796,0.6065759062767029,0.606451153755188,0.6471308469772339,0.4182018041610718,0.6030529141426086,3.8431479930877686,-0.006692945957183838,2.8397271633148193,8.014212784119082e-06,5.6101728651001395,51.14314651489258
0.4319925308227539,0.6063493490219116,0.6047670841217041,0.6467462182044983,0.4182018041610718,0.6030529141426086,3.821716785430908,-0.006924927234649658,2.815997362136841,5.92242431758129e-06,5.973884626226209,53.014137268066406
0.43079674243927,0.6060639023780823,0.6031048893928528,0.6463662981987,0.4182018041610718,0.6030529141426086,3.800194263458252,-0.007153987884521484,2.7918460369110107,5.827404470359898e-06,5.34177337147554,51.23481369018555
0.4296106696128845,0.6057807207107544,0.6014352440834045,0.6459845900535583,0.4182018041610718,0.6030529141426086,3.778552532196045,-0.007384181022644043,2.7676165103912354,5.019845571108562e-06,5.2120339599900944,52.05991744995117
0.4287275969982147,0.6055697798728943,0.5997751951217651,0.6456049084663391,0.4182018041610718,0.6030529141426086,3.757378339767456,-0.007613182067871094,2.7443349361419678,3.6890115714595818e-06,5.7494070042451995,51.54939651489258
0.42786675691604614,0.6053641438484192,0.5981293320655823,0.6452282071113586,0.4182018041610718,0.6030529141426086,3.73685884475708,-0.007840394973754883,2.7217700481414795,3.163774480374618e-06,5.204628116377648,52.075260162353516
0.42699766159057617,0.6051564812660217,0.5964804887771606,0.6448506712913513,0.4182018041610718,0.6030529141426086,3.7164158821105957,-0.008067965507507324,2.6992909908294678,2.620539920198447e-06,4.96297898997625,52.021568298339844
0.42664921283721924,0.6050732731819153,0.5948309302330017,0.6444728374481201,0.4182018041610718,0.6030529141426086,3.6954588890075684,-0.008295834064483643,2.677079916000366,2.2784059628059954e-06,4.29688171911846,52.22197723388672
0.4257310926914215,0.6048538684844971,0.5931673645973206,0.6440915465354919,0.4182018041610718,0.6030529141426086,3.673825979232788,-0.0085257887840271,2.653381824493408,1.5070438276097112e-06,4.874076743085141,51.56246566772461
0.42475032806396484,0.6046193838119507,0.5915042757987976,0.6437102556228638,0.4182018041610718,0.6030529141426086,3.652007818222046,-0.008755743503570557,2.6294350624084473,1.0217545293525476e-06,5.233442718794095,51.06962585449219
0.42410796880722046,0.6044658422470093,0.5898548364639282,0.6433318257331848,0.4182018041610718,0.6030529141426086,3.6301686763763428,-0.008983969688415527,2.6059842109680176,7.353194072179858e-07,4.708275980437691,51.6772575378418
0.4232522249221802,0.6042612195014954,0.5882055163383484,0.6429533362388611,0.4182018041610718,0.6030529141426086,3.607938289642334,-0.009212195873260498,2.5818636417388916,4.484971506692713e-07,4.473152964372048,52.05709457397461
0.42255473136901855,0.6040944457054138,0.5865715146064758,0.642578125,0.4182018041610718,0.6030529141426086,3.5860390663146973,-0.00943845510482788,2.5583271980285645,2.1147294348842398e-07,4.732136990782635,51.31636047363281
0.421792209148407,0.6039120554924011,0.5849485397338867,0.6422052979469299,0.4182018041610718,0.6030529141426086,3.565502405166626,-0.00966334342956543,2.5360782146453857,7.576235414307212e-08,4.67827925839407,51.13179016113281
0.4210311770439148,0.6037299633026123,0.5833410024642944,0.6418358087539673,0.4182018041610718,0.6030529141426086,3.545354127883911,-0.00988614559173584,2.5142452716827393,8.25707336468836e-09,4.72786687038888,51.54960250854492
0.4202531576156616,0.6035438179969788,0.5817434787750244,0.6414685249328613,0.4182018041610718,0.6030529141426086,3.5250914096832275,-0.010107636451721191,2.4923014640808105,6.9499793367854045e-09,4.866500818858981,52.694393157958984
0.4193865656852722,0.6033364534378052,0.5801635384559631,0.641105055809021,0.4182018041610718,0.6030529141426086,3.50459623336792,-0.010326802730560303,2.4700357913970947,7.458383103665662e-08,4.318397938432781,51.49311065673828
0.418759286403656,0.603186309337616,0.5785979628562927,0.640744686126709,0.4182018041610718,0.6030529141426086,3.4841086864471436,-0.010544121265411377,2.448134422302246,2.126227758890496e-07,3.9998164713011874,52.26820373535156
0.4180700182914734,0.6030213236808777,0.5770397186279297,0.6403859853744507,0.4182018041610718,0.6030529141426086,3.463399648666382,-0.01076042652130127,2.425952434539795,4.129821015338682e-07,4.141840016783647,51.03398895263672
0.4175761640071869,0.6029030680656433,0.5754823088645935,0.6400272250175476,0.4182018041610718,0.6030529141426086,3.442850351333618,-0.010976791381835938,2.404212713241577,6.494581050241026e-07,4.1648966756789605,50.876502990722656
0.41680681705474854,0.6027188897132874,0.5739256739616394,0.6396685242652893,0.4182018041610718,0.6030529141426086,3.421896457672119,-0.011193156242370605,2.381720542907715,1.107692393787895e-06,3.7633002757608836,51.55601119995117
0.41626548767089844,0.6025893092155457,0.5723407864570618,0.6393030881881714,0.4182018041610718,0.6030529141426086,3.400634288787842,-0.011413514614105225,2.359236717224121,1.384040180829908e-06,4.0340131749789805,51.66762161254883
0.41545355319976807,0.6023948192596436,0.5707549452781677,0.6389373540878296,0.4182018041610718,0.6030529141426086,3.3800768852233887,-0.01163405179977417,2.3371071815490723,1.7877941690047031e-06,4.068142195491703,52.291908264160156
0.4146718382835388,0.6022075414657593,0.5691925883293152,0.638576865196228,0.4182018041610718,0.6030529141426086,3.359607696533203,-0.01185142993927002,2.3151378631591797,2.150899312278968e-06,4.182736852514495,52.57892608642578
0.4139166474342346,0.602026641368866,0.5676571130752563,0.6382223963737488,0.4182018041610718,0.6030529141426086,3.3390767574310303,-0.01206517219543457,2.2931764125823975,3.235349711806692e-06,3.51295589602438,50.774658203125
0.4134759306907654,0.6019210815429688,0.5661096572875977,0.6378650665283203,0.4182018041610718,0.6030529141426086,3.3183670043945312,-0.012280702590942383,2.271463632583618,4.02533199262518e-06,3.511914211859562,53.39018630981445
0.4128863215446472,0.6017797589302063,0.5645453333854675,0.6375036239624023,0.4182018041610718,0.6030529141426086,3.2974371910095215,-0.012498676776885986,2.2493491172790527,4.703931403850963e-06,3.5087812411798893,52.08399200439453
0.412184476852417,0.6016115546226501,0.5629938244819641,0.6371449828147888,0.4182018041610718,0.6030529141426086,3.276855945587158,-0.012714922428131104,2.2274587154388428,4.535465795784928e-06,4.058094840787589,53.00617980957031
0.41152212023735046,0.6014528274536133,0.5614593029022217,0.6367900967597961,0.4182018041610718,0.6030529141426086,3.2561240196228027,-0.012929022312164307,2.2054977416992188,6.723930334986278e-06,3.1230764772077464,52.37846755981445
0.41089925169944763,0.6013034582138062,0.5599111318588257,0.6364319920539856,0.4182018041610718,0.6030529141426086,3.234698534011841,-0.013144969940185547,2.182918071746826,6.42991153636252e-06,3.642973826887271,51.59596252441406
0.41024094820022583,0.6011456847190857,0.5583862066268921,0.6360790729522705,0.4182018041610718,0.6030529141426086,3.2135748863220215,-0.013357758522033691,2.160621166229248,7.933259139729972e-06,3.2182044293778063,51.51743698120117
0.4094425141811371,0.6009542346000671,0.5568733215332031,0.6357287764549255,0.4182018041610718,0.6030529141426086,3.193216562271118,-0.0135689377784729,2.1389260292053223,9.253214052694705e-06,3.1633634745480492,52.79938507080078
0.40889623761177063,0.600823163986206,0.5553659796714783,0.6353796124458313,0.4182018041610718,0.6030529141426086,3.1728010177612305,-0.01377958059310913,2.117511510848999,1.0419448214402452e-05,3.007391251996637,52.456939697265625
0.4082360565662384,0.6006648540496826,0.5538589954376221,0.6350304484367371,0.4182018041610718,0.6030529141426086,3.1524314880371094,-0.01399010419845581,2.096019983291626,9.996430378369624e-06,3.4250625609661256,51.446754455566406
0.4075819253921509,0.600507915019989,0.5523585081100464,0.6346825957298279,0.4182018041610718,0.6030529141426086,3.1317272186279297,-0.01419985294342041,2.074228286743164,1.1577736843760948e-05,3.2226812988507447,52.02086639404297
0.4071809947490692,0.6004117131233215,0.5508703589439392,0.6343374848365784,0.4182018041610718,0.6030529141426086,3.1110382080078125,-0.01440805196762085,2.0527849197387695,1.4215123103592138e-05,2.8833295197937616,51.27857971191406
0.406460702419281,0.6002389192581177,0.5493775010108948,0.6339911222457886,0.4182018041610718,0.6030529141426086,3.0916948318481445,-0.014616906642913818,2.032288074493408,1.5263694170873296e-05,2.8885390243862332,51.438385009765625
0.4058970808982849,0.6001036763191223,0.5478979349136353,0.6336477398872375,0.4182018041610718,0.6030529141426086,3.0728652477264404,-0.0148240327835083,2.0125081539154053,1.566443396999826e-05,3.2204019934249573,51.95331573486328
0.40526747703552246,0.5999525785446167,0.546430766582489,0.6333070993423462,0.4182018041610718,0.6030529141426086,3.0537145137786865,-0.015029370784759521,1.9923555850982666,1.7698168148439202e-05,2.7647779223593716,51.733028411865234
0.4047282934188843,0.5998231172561646,0.5449650287628174,0.6329666376113892,0.4182018041610718,0.6030529141426086,3.0347485542297363,-0.015234708786010742,1.9725091457366943,1.84728644546453e-05,2.742055696822547,52.54454803466797
0.4041852355003357,0.5996927618980408,0.5435056686401367,0.632627546787262,0.4182018041610718,0.6030529141426086,3.0158185958862305,-0.015439212322235107,1.9527122974395752,1.9663332389606783e-05,2.804969563402665,52.457542419433594
0.4036494493484497,0.5995641946792603,0.5420608520507812,0.6322917342185974,0.4182018041610718,0.6030529141426086,2.99823260307312,-0.01564168930053711,1.9342615604400635,2.5196731249977136e-05,2.3150911399495726,51.38271713256836
0.4030999541282654,0.5994322299957275,0.5406115055084229,0.6319546699523926,0.4182018041610718,0.6030529141426086,2.979841709136963,-0.015845000743865967,1.9150187969207764,2.097115218807101e-05,2.878299028147069,51.42363357543945
0.40250706672668457,0.5992898941040039,0.5391843318939209,0.6316226124763489,0.4182018041610718,0.6030529141426086,2.9616706371307373,-0.01604527235031128,1.895965814590454,2.658958015688568e-05,2.5404996600238974,50.92824935913086
0.40184491872787476,0.5991308093070984,0.5377628803253174,0.6312918663024902,0.4182018041610718,0.6030529141426086,2.9436891078948975,-0.016244709491729736,1.8770358562469482,2.7929846256477542e-05,2.3360797007399583,52.35382080078125
0.40118396282196045,0.5989720821380615,0.5363408923149109,0.6309608221054077,0.4182018041610718,0.6030529141426086,2.925609588623047,-0.01644432544708252,1.8580279350280762,2.8432557349756735e-05,2.4421089169540267,51.96569061279297
0.4006706774234772,0.598848819732666,0.5349189043045044,0.6306296586990356,0.4182018041610718,0.6030529141426086,2.9070894718170166,-0.016644060611724854,1.8387746810913086,3.0525006320135384e-05,2.4207778553272874,52.13147735595703
0.4003029763698578,0.5987604260444641,0.5334993004798889,0.630298912525177,0.4182018041610718,0.6030529141426086,2.8879737854003906,-0.01684349775314331,1.819119930267334,3.57856706953083e-05,2.173982255934277,52.130741119384766
0.39972829818725586,0.5986223816871643,0.5320650339126587,0.6299646496772766,0.4182018041610718,0.6030529141426086,2.868116617202759,-0.01704508066177368,1.7985167503356934,3.65876423222139e-05,2.121199430052002,51.867252349853516
0.39908748865127563,0.5984683632850647,0.530632734298706,0.6296306848526001,0.4182018041610718,0.6030529141426086,2.848665714263916,-0.017246484756469727,1.7782535552978516,3.4625693198597415e-05,2.462601904062467,53.04467010498047
0.3985055088996887,0.5983285307884216,0.5292131304740906,0.629299521446228,0.4182018041610718,0.6030529141426086,2.830065965652466,-0.017446160316467285,1.7589077949523926,4.432091481933447e-05,1.9716991542485118,52.355079650878906
0.39771953225135803,0.5981396436691284,0.5277702212333679,0.6289629340171814,0.4182018041610718,0.6030529141426086,2.8109936714172363,-0.01764911413192749,1.7388842105865479,4.293926707670502e-05,2.0109405055309253,50.66059494018555
0.39727044105529785,0.5980316400527954,0.5263323783874512,0.6286273002624512,0.4182018041610718,0.6030529141426086,2.7915267944335938,-0.017851531505584717,1.718865156173706,4.0359034054994296e-05,2.246215526522576,51.82373046875
0.39682042598724365,0.5979234576225281,0.5249167680740356,0.6282967329025269,0.4182018041610718,0.6030529141426086,2.7722666263580322,-0.0180509090423584,1.6990699768066406,4.139163114678067e-05,2.1927823128115165,51.11489486694336
0.3964163661003113,0.5978263020515442,0.523515522480011,0.6279694437980652,0.4182018041610718,0.6030529141426086,2.753030776977539,-0.018248260021209717,1.679368019104004,4.553497590861939e-05,2.1553679648751256,51.30104064941406
0.395956814289093,0.5977157950401306,0.5221298336982727,0.6276456713676453,0.4182018041610718,0.6030529141426086,2.734829902648926,-0.018443524837493896,1.660632848739624,5.70787898525639e-05,1.8421037974242154,54.1883659362793
0.3953632116317749,0.5975731015205383,0.5207363963127136,0.6273199319839478,0.4182018041610718,0.6030529141426086,2.7161102294921875,-0.018639981746673584,1.641261339187622,5.333691582968571e-05,1.9540724729158683,51.10200500488281
0.39490705728530884,0.5974634289741516,0.5193581581115723,0.6269976496696472,0.4182018041610718,0.6030529141426086,2.6972429752349854,-0.018834292888641357,1.6219134330749512,5.629651003854173e-05,1.8596348424520102,51.522193908691406
0.39453965425491333,0.5973750352859497,0.5179903507232666,0.6266777515411377,0.4182018041610718,0.6030529141426086,2.679144859313965,-0.019027233123779297,1.6034233570098877,5.10076911490881e-05,1.9969418477876388,52.282508850097656
0.39390212297439575,0.5972216725349426,0.5166403651237488,0.6263618469238281,0.4182018041610718,0.6030529141426086,2.661060333251953,-0.019217729568481445,1.584683895111084,5.728979654044935e-05,1.857326538411428,51.80812072753906
0.39334994554519653,0.5970888733863831,0.5153017044067383,0.6260485053062439,0.4182018041610718,0.6030529141426086,2.642925262451172,-0.019406676292419434,1.5660042762756348,6.627218985992382e-05,1.6704483350601151,52.67151641845703
0.3927207887172699,0.5969374775886536,0.5139570832252502,0.6257336735725403,0.4182018041610718,0.6030529141426086,2.624253034591675,-0.019596576690673828,1.5467360019683838,7.651928527538723e-05,1.4853937737642582,51.917457580566406
0.3925766944885254,0.5969027876853943,0.5126175284385681,0.6254198551177979,0.4182018041610718,0.6030529141426086,2.605053424835205,-0.019785821437835693,1.5274686813354492,7.81239237947623e-05,1.484501481123786,52.30510330200195
0.392192006111145,0.5968102812767029,0.511256217956543,0.6251009106636047,0.4182018041610718,0.6030529141426086,2.585570812225342,-0.019978225231170654,1.5076854228973389,7.070181587098129e-05,1.618975889256717,52.351226806640625
0.39177587628364563,0.5967100858688354,0.5099090337753296,0.6247851848602295,0.4182018041610718,0.6030529141426086,2.5663511753082275,-0.020168542861938477,1.4881434440612793,6.791302732366434e-05,1.715551563622256,52.77922821044922
0.3912847936153412,0.5965919494628906,0.5085856914520264,0.624474823474884,0.4182018041610718,0.6030529141426086,2.5479865074157715,-0.02035576105117798,1.4693775177001953,7.705862859494657e-05,1.5489178739157126,52.049461364746094
0.3908316195011139,0.5964828729629517,0.507276713848114,0.6241678595542908,0.4182018041610718,0.6030529141426086,2.5317087173461914,-0.02054077386856079,1.4526898860931396,8.155946175977119e-05,1.4935265668268016,51.30706024169922
0.3904237747192383,0.5963847041130066,0.5059689283370972,0.6238610148429871,0.4182018041610718,0.6030529141426086,2.5149333477020264,-0.02072584629058838,1.4355769157409668,7.586545152224108e-05,1.5612530938190332,51.90491485595703
0.39001309871673584,0.596285879611969,0.5046727061271667,0.6235567927360535,0.4182018041610718,0.6030529141426086,2.4979591369628906,-0.02090930938720703,1.4182841777801514,9.023476441988483e-05,1.3474864308699352,51.605712890625
0.3897266089916229,0.5962168574333191,0.5033600330352783,0.6232486367225647,0.4182018041610718,0.6030529141426086,2.4806814193725586,-0.021095216274261475,1.4008238315582275,7.952184853727597e-05,1.5167813255206966,52.63414764404297
0.38920316100120544,0.5960908532142639,0.502056896686554,0.6229425668716431,0.4182018041610718,0.6030529141426086,2.463482618331909,-0.021279752254486084,1.383225440979004,9.385186896877784e-05,1.3204193553092693,52.19673538208008
0.3888978064060211,0.5960173606872559,0.5007501840591431,0.6226356625556946,0.4182018041610718,0.6030529141426086,2.445483684539795,-0.021464884281158447,1.3650736808776855,9.550895428635416e-05,1.2879726928958064,52.349369049072266
0.38845106959342957,0.5959097743034363,0.49945884943008423,0.6223321557044983,0.4182018041610718,0.6030529141426086,2.427468776702881,-0.021647930145263672,1.3467884063720703,9.950010709358637e-05,1.304784009021347,51.170921325683594
0.38799577951431274,0.5958001613616943,0.4981604814529419,0.6220269203186035,0.4182018041610718,0.6030529141426086,2.409867763519287,-0.021831929683685303,1.3289055824279785,0.00010254944793745835,1.2233110714335282,52.38663864135742
0.38756638765335083,0.5956966876983643,0.4968700408935547,0.621723473072052,0.4182018041610718,0.6030529141426086,2.392251968383789,-0.022014975547790527,1.3110475540161133,0.00011839643360839723,1.1230090653083806,52.06732177734375
0.3870210647583008,0.5955653786659241,0.495580792427063,0.6214202642440796,0.4182018041610718,0.6030529141426086,2.3752894401550293,-0.02219778299331665,1.2937262058258057,0.00010820962802863404,1.2966412445886704,52.053192138671875
0.38640856742858887,0.595417857170105,0.4943217635154724,0.6211240291595459,0.4182018041610718,0.6030529141426086,2.3587212562561035,-0.022376418113708496,1.2767467498779297,0.00010564171573717099,1.1984096320070847,51.15363311767578
0.38593658804893494,0.5953041315078735,0.4930628538131714,0.6208277344703674,0.4182018041610718,0.6030529141426086,2.342660427093506,-0.022555172443389893,1.2603988647460938,9.871677457869328e-05,1.2914756426928875,51.31440734863281
0.3856172561645508,0.5952272415161133,0.4918177127838135,0.6205345392227173,0.4182018041610718,0.6030529141426086,2.3266711235046387,-0.022731900215148926,1.2442750930786133,0.00011934378509605506,1.1078182134021404,51.90724182128906
0.38532790541648865,0.5951575040817261,0.4905775189399719,0.6202424764633179,0.4182018041610718,0.6030529141426086,2.310117721557617,-0.022908031940460205,1.2276451587677002,0.00011346764194770757,1.065729718000739,51.813926696777344
0.38492053747177124,0.595059335231781,0.4893432855606079,0.6199517250061035,0.4182018041610718,0.6030529141426086,2.2937045097351074,-0.023083388805389404,1.2110562324523926,0.00012733832037276765,1.036707729595122,51.45038604736328
0.38429000973701477,0.5949073433876038,0.48811280727386475,0.6196617484092712,0.4182018041610718,0.6030529141426086,2.277434825897217,-0.023258209228515625,1.1944193840026855,0.00012669020336739806,1.034320042400978,51.50041580200195
0.3840821087360382,0.5948572754859924,0.48689186573028564,0.6193739771842957,0.4182018041610718,0.6030529141426086,2.26252818107605,-0.023431777954101562,1.1794853210449219,0.0001314365950703337,0.957510685910421,52.0975341796875
0.3836801052093506,0.5947604179382324,0.4856700003147125,0.6190858483314514,0.4182018041610718,0.6030529141426086,2.2476065158843994,-0.0236055850982666,1.1643733978271484,0.0001298451303663791,0.9759314585453751,51.47520065307617
0.3832404613494873,0.5946544408798218,0.4844549894332886,0.6187993288040161,0.4182018041610718,0.6030529141426086,2.231985092163086,-0.023778319358825684,1.1485674381256104,0.0001196298570153645,1.070163805022844,52.06658935546875
0.38285303115844727,0.5945610404014587,0.48326045274734497,0.6185174584388733,0.4182018041610718,0.6030529141426086,2.2167234420776367,-0.023948371410369873,1.133169412612915,0.00015571471413348276,0.8232046110050533,52.14921569824219
0.3826180696487427,0.5945044159889221,0.4820615351200104,0.6182345151901245,0.4182018041610718,0.6030529141426086,2.201045513153076,-0.02411895990371704,1.1175105571746826,0.00011635971043943635,1.0407725670789318,52.214439392089844
0.3822067379951477,0.5944052338600159,0.4808768630027771,0.6179549098014832,0.4182018041610718,0.6030529141426086,2.18523907661438,-0.024287521839141846,1.1015901565551758,0.00013398255607011654,0.9945800915088228,51.274375915527344
0.3816957175731659,0.5942820310592651,0.4796997308731079,0.6176769733428955,0.4182018041610718,0.6030529141426086,2.1696410179138184,-0.02445518970489502,1.0857982635498047,0.00013683445539135718,0.9146473329904836,51.919158935546875
0.3814080059528351,0.5942126512527466,0.47852808237075806,0.6174002289772034,0.4182018041610718,0.6030529141426086,2.1554789543151855,-0.02462214231491089,1.071587085723877,0.0001547900016081686,0.8357892549997388,53.02241134643555
0.3809201121330261,0.59409499168396,0.47734957933425903,0.6171217560768127,0.4182018041610718,0.6030529141426086,2.1411585807800293,-0.024790048599243164,1.0570621490478516,0.0001434322376854466,0.8638292975192741,51.17596435546875
0.3806917667388916,0.5940399765968323,0.47618329524993896,0.6168462038040161,0.4182018041610718,0.6030529141426086,2.126911163330078,-0.024956166744232178,1.042837142944336,0.00014044389965705076,0.9134968052537857,52.75006866455078
0.3804152011871338,0.5939732193946838,0.47503405809402466,0.6165745854377747,0.4182018041610718,0.6030529141426086,2.1130433082580566,-0.025120019912719727,1.0289483070373535,0.00014154777117869784,0.8699846471508721,52.95464324951172
0.3800426125526428,0.5938833951950073,0.4739004969596863,0.6163065433502197,0.4182018041610718,0.6030529141426086,2.099536180496216,-0.02528160810470581,1.0153398513793945,0.000139840952727701,0.8722478151651245,52.170806884765625
0.37957248091697693,0.5937700271606445,0.4727725088596344,0.6160397529602051,0.4182018041610718,0.6030529141426086,2.085449457168579,-0.025442540645599365,1.001105546951294,0.00015340340686690983,0.813632893304657,51.666290283203125
0.37915921211242676,0.5936703085899353,0.471653014421463,0.615774929523468,0.4182018041610718,0.6030529141426086,2.0706911087036133,-0.025602281093597412,0.9862847328186035,0.0001748624444594029,0.7224142350414127,54.08378601074219
0.37875813245773315,0.5935735106468201,0.4705357849597931,0.6155105829238892,0.4182018041610718,0.6030529141426086,2.0561375617980957,-0.025761663913726807,0.9716802835464478,0.0001732821264935902,0.6855080418750603,51.795799255371094
0.37832680344581604,0.593469500541687,0.46941807866096497,0.6152459979057312,0.4182018041610718,0.6030529141426086,2.041635036468506,-0.025921165943145752,0.957109808921814,0.00017645454210304598,0.6997653935877324,50.59690475463867
0.3778516352176666,0.5933548808097839,0.4683022201061249,0.6149818301200867,0.4182018041610718,0.6030529141426086,2.027449369430542,-0.02608048915863037,0.942818284034729,0.00018726429958627368,0.6337713683752995,51.94377517700195
0.3775641918182373,0.5932854413986206,0.46718570590019226,0.614717423915863,0.4182018041610718,0.6030529141426086,2.01297664642334,-0.02623993158340454,0.9284082651138306,0.00015745377704556862,0.7499835899149012,52.30214309692383
0.37715235352516174,0.5931861400604248,0.4660821855068207,0.614456057548523,0.4182018041610718,0.6030529141426086,1.998434066772461,-0.02639758586883545,0.9138462543487549,0.0001999031006926378,0.6033818829054063,50.58257293701172
0.3767888844013214,0.5930984020233154,0.46497642993927,0.6141940355300903,0.4182018041610718,0.6030529141426086,1.9835988283157349,-0.02655559778213501,0.8990496397018433,0.00017996308737615319,0.6646262950953563,51.95585632324219
0.3764062821865082,0.5930060744285583,0.4638848900794983,0.6139354109764099,0.4182018041610718,0.6030529141426086,1.9692071676254272,-0.02671152353286743,0.8846759796142578,0.0001645788604475104,0.6754057695599727,53.060035705566406
0.37614694237709045,0.5929434299468994,0.462808221578598,0.6136801242828369,0.4182018041610718,0.6030529141426086,1.9544938802719116,-0.026865482330322266,0.8701008558273315,0.0002017357026198839,0.5764786314128827,51.28281021118164
0.37581565976142883,0.5928635001182556,0.4617353677749634,0.6134257912635803,0.4182018041610718,0.6030529141426086,1.9397962093353271,-0.02701890468597412,0.8554950952529907,0.00022024118966262884,0.526054904269845,52.243003845214844
0.37548622488975525,0.5927839875221252,0.46065741777420044,0.6131700873374939,0.4182018041610718,0.6030529141426086,1.9268150329589844,-0.02717304229736328,0.8425389528274536,0.00020251482389144204,0.5259274928993065,52.46687316894531
0.37527820467948914,0.5927337408065796,0.4595887064933777,0.6129165887832642,0.4182018041610718,0.6030529141426086,1.9146146774291992,-0.027325928211212158,0.830429196357727,0.00018180963277063603,0.5699233992073722,51.78800582885742
0.37493830919265747,0.5926517248153687,0.4585217237472534,0.6126633882522583,0.4182018041610718,0.6030529141426086,1.9013335704803467,-0.02747863531112671,0.8171951770782471,0.00023652412952740974,0.4530637746907864,52.211997985839844
0.374570369720459,0.5925628542900085,0.4574531316757202,0.612409770488739,0.4182018041610718,0.6030529141426086,1.8873753547668457,-0.02763158082962036,0.8033006191253662,0.0002003018689411898,0.5308709205270752,51.62503433227539
0.37425100803375244,0.592485785484314,0.4563988447189331,0.6121594905853271,0.4182018041610718,0.6030529141426086,1.8753163814544678,-0.02778249979019165,0.7912677526473999,0.00022438004333594566,0.4867441313682619,51.569129943847656
0.3740512430667877,0.5924375057220459,0.45533955097198486,0.6119080185890198,0.4182018041610718,0.6030529141426086,1.8630372285842896,-0.02793419361114502,0.7791162729263306,0.00023869037915331091,0.44553354186195904,52.580963134765625
0.3734862804412842,0.5923011302947998,0.45428627729415894,0.6116578578948975,0.4182018041610718,0.6030529141426086,1.849656105041504,-0.028085052967071533,0.7656571865081787,0.0002515474802460317,0.40588122267057436,51.835472106933594
0.3730853497982025,0.5922042727470398,0.45323073863983154,0.6114071011543274,0.4182018041610718,0.6030529141426086,1.8352277278900146,-0.0282362699508667,0.7513251304626465,0.0002194866425811598,0.46412152790576755,51.6298713684082
0.3727295398712158,0.5921183228492737,0.45217686891555786,0.6111566424369812,0.4182018041610718,0.6030529141426086,1.8210841417312622,-0.028387248516082764,0.7373058795928955,0.0002529160962906115,0.3923197941141119,51.84172821044922
0.3724778890609741,0.5920575857162476,0.45113420486450195,0.6109088659286499,0.4182018041610718,0.6030529141426086,1.807736873626709,-0.028536736965179443,0.7241305112838745,0.0002622218781877638,0.3746394431327449,51.430931091308594
0.3722517490386963,0.5920029878616333,0.4500834345817566,0.6106590628623962,0.4182018041610718,0.6030529141426086,1.793337345123291,-0.02868729829788208,0.7099740505218506,0.0002419857117302547,0.38394598442967975,51.7636833190918
0.37192583084106445,0.591924250125885,0.4490380883216858,0.6104105114936829,0.4182018041610718,0.6030529141426086,1.7791225910186768,-0.028837263584136963,0.6959326267242432,0.0002819638729376992,0.3320966996018093,51.34017562866211
0.37145769596099854,0.5918111205101013,0.4479755759239197,0.6101577877998352,0.4182018041610718,0.6030529141426086,1.7647407054901123,-0.028989672660827637,0.6816377639770508,0.0002850084833349066,0.32538223743013184,51.79888153076172
0.3711429834365845,0.5917351841926575,0.446905255317688,0.6099031567573547,0.4182018041610718,0.6030529141426086,1.7507593631744385,-0.02914327383041382,0.6678369045257568,0.00024480817426057386,0.3580733409658876,50.68115234375
0.3707951605319977,0.5916510820388794,0.4458485245704651,0.6096517443656921,0.4182018041610718,0.6030529141426086,1.7363905906677246,-0.02929478883743286,0.6536554098129272,0.00024944760984350715,0.34547367139236584,51.51629638671875
0.37048131227493286,0.5915752649307251,0.4448070526123047,0.6094038486480713,0.4182018041610718,0.6030529141426086,1.722474217414856,-0.029444336891174316,0.6399393081665039,0.00023708340696316187,0.3531183812710026,51.92466735839844
0.3702065348625183,0.5915088653564453,0.4437873363494873,0.6091611385345459,0.4182018041610718,0.6030529141426086,1.7093167304992676,-0.0295906662940979,0.6269842386245728,0.0002474957418834092,0.3425313413419637,51.36193084716797
0.36988258361816406,0.5914306044578552,0.44277554750442505,0.608920156955719,0.4182018041610718,0.6030529141426086,1.6960195302963257,-0.029736042022705078,0.6138721704483032,0.00027960087038363113,0.2856669879762759,52.56388854980469
0.3694814145565033,0.5913336277008057,0.44176656007766724,0.6086798906326294,0.4182018041610718,0.6030529141426086,1.6821520328521729,-0.029880881309509277,0.6001749038696289,0.00027756232686669893,0.2818928682124522,51.951087951660156
0.3691500425338745,0.5912535786628723,0.44075870513916016,0.6084398031234741,0.4182018041610718,0.6030529141426086,1.66818368434906,-0.0300256609916687,0.5864356756210327,0.00028665733978057786,0.26426512691213233,51.54469299316406
0.368900328874588,0.5911931991577148,0.43975621461868286,0.6082009673118591,0.4182018041610718,0.6030529141426086,1.6550521850585938,-0.030169665813446045,0.5735533237457275,0.0002782142360485615,0.2643533656098107,51.70635223388672
0.36865413188934326,0.591133713722229,0.4387513995170593,0.6079614758491516,0.4182018041610718,0.6030529141426086,1.6410775184631348,-0.030314207077026367,0.5598773956298828,0.00026681082624686533,0.274362035526563,52.40394592285156
0.3683449625968933,0.5910590291023254,0.43775689601898193,0.6077243685722351,0.4182018041610718,0.6030529141426086,1.6269111633300781,-0.03045707941055298,0.5459886789321899,0.0003067229179324685,0.23711103192027494,51.41630935668945
0.3681451380252838,0.5910106897354126,0.4367687702178955,0.6074888110160828,0.4182018041610718,0.6030529141426086,1.6132099628448486,-0.03059917688369751,0.5326189994812012,0.0002597771406209655,0.251738804171886,52.02658462524414
0.36781513690948486,0.5909309387207031,0.4359269142150879,0.6072880029678345,0.4182018041610718,0.6030529141426086,1.5992032289505005,-0.030720293521881104,0.5189172029495239,0.0002646595339832747,0.24064567908615508,51.782501220703125
0.36751723289489746,0.5908589363098145,0.43490374088287354,0.6070440411567688,0.4182018041610718,0.6030529141426086,1.5859332084655762,-0.030867457389831543,0.5059012174606323,0.00031859862586517546,0.19934170250439642,52.276161193847656
0.36732006072998047,0.5908112525939941,0.434001088142395,0.6068286895751953,0.4182018041610718,0.6030529141426086,1.5725512504577637,-0.030997276306152344,0.49287402629852295,0.0002994454820063712,0.20901733940499767,51.988380432128906
0.3669590353965759,0.590723991394043,0.4331047534942627,0.6066148281097412,0.4182018041610718,0.6030529141426086,1.559003472328186,-0.03112626075744629,0.4795970916748047,0.00029847121524760253,0.19353382485814308,51.21098327636719
0.36672136187553406,0.5906665325164795,0.43221163749694824,0.6064016819000244,0.4182018041610718,0.6030529141426086,1.5452643632888794,-0.03125476837158203,0.466220498085022,0.00033802982265824025,0.1650680829473412,51.64241409301758
0.36644086241722107,0.5905987024307251,0.4313180446624756,0.6061883568763733,0.4182018041610718,0.6030529141426086,1.5309646129608154,-0.0313834547996521,0.4522925615310669,0.0003492519637898067,0.1527143918391669,53.18347930908203
0.36604249477386475,0.5905023813247681,0.4309508800506592,0.6061006784439087,0.4182018041610718,0.6030529141426086,1.5171887874603271,-0.03143632411956787,0.4389113187789917,0.00029335190893346914,0.17554150331156748,52.424129486083984
0.3657379746437073,0.5904287099838257,0.42959439754486084,0.6057767868041992,0.4182018041610718,0.6030529141426086,1.50441575050354,-0.031631648540496826,0.42633163928985596,0.0003142096505713947,0.15834798371711045,52.291690826416016
0.36551567912101746,0.5903749465942383,0.428780734539032,0.6055824756622314,0.4182018041610718,0.6030529141426086,1.4910985231399536,-0.031748831272125244,0.41340577602386475,0.0003342373721525009,0.14476583363665085,52.300987243652344
0.3652661144733429,0.5903146266937256,0.42796099185943604,0.6053866744041443,0.4182018041610718,0.6030529141426086,1.4769593477249146,-0.03186684846878052,0.3996896743774414,0.00035342912828445483,0.13343280739220553,52.061912536621094
0.3649154305458069,0.5902298092842102,0.427137553691864,0.6051899194717407,0.4182018041610718,0.6030529141426086,1.4632210731506348,-0.03198552131652832,0.3863009214401245,0.0003016422395582651,0.14312362671344836,50.97259521484375
0.36464905738830566,0.590165376663208,0.4263823628425598,0.6050094962120056,0.4182018041610718,0.6030529141426086,1.4505575895309448,-0.03209429979324341,0.37399864196777344,0.0003186160187544553,0.13090619941772808,51.0849609375
0.36429885029792786,0.5900806784629822,0.4255746006965637,0.6048164367675781,0.4182018041610718,0.6030529141426086,1.437131643295288,-0.03221076726913452,0.3609222173690796,0.0003121883199581378,0.12637819401134998,51.12160110473633
0.36398276686668396,0.5900042057037354,0.42483335733413696,0.6046392917633057,0.4182018041610718,0.6030529141426086,1.4255555868148804,-0.03231757879257202,0.3496360778808594,0.00032371650114752445,0.11240062777764948,52.79518127441406
0.3637641966342926,0.5899513363838196,0.42409008741378784,0.6044615507125854,0.4182018041610718,0.6030529141426086,1.414339542388916,-0.03242480754852295,0.3387490510940552,0.00035843814173817587,0.09737806941028815,52.06371307373047
0.36341798305511475,0.5898675918579102,0.423578143119812,0.6043391227722168,0.4182018041610718,0.6030529141426086,1.4023172855377197,-0.03249859809875488,0.3270796537399292,0.00036129807683185286,0.09462380754206556,51.54298400878906
0.3632124066352844,0.5898178815841675,0.42320966720581055,0.6042510271072388,0.4182018041610718,0.6030529141426086,1.3905482292175293,-0.03255176544189453,0.3157588243484497,0.0003439504083470532,0.0974186019878065,52.06501770019531
0.36296096444129944,0.5897570252418518,0.4220418930053711,0.6039717197418213,0.4182018041610718,0.6030529141426086,1.378753900527954,-0.032720208168029785,0.3042372465133667,0.0003264176624886289,0.0917103640492467,52.935691833496094
0.3627292215824127,0.5897009372711182,0.42141056060791016,0.6038207411766052,0.4182018041610718,0.6030529141426086,1.367027759552002,-0.03281116485595703,0.2929002046585083,0.00035770945239904997,0.08376409259112716,51.710479736328125
0.3625388741493225,0.5896548628807068,0.4207667112350464,0.6036667227745056,0.4182018041610718,0.6030529141426086,1.3548178672790527,-0.032904088497161865,0.28112924098968506,0.0003531808363387203,0.07684272295093653,52.55652618408203
0.3622957468032837,0.5895960927009583,0.4201068878173828,0.6035088300704956,0.4182018041610718,0.6030529141426086,1.344058632850647,-0.03299933671951294,0.2707033157348633,0.000392386991095086,0.06937281169351817,50.610252380371094
0.3619851768016815,0.5895209312438965,0.41973549127578735,0.6034199595451355,0.4182018041610718,0.6030529141426086,1.3334543704986572,-0.03305286169052124,0.26044726371765137,0.0003296153888839373,0.07107248862007864,50.567222595214844
0.3617709279060364,0.5894690752029419,0.4195979833602905,0.6033870577812195,0.4182018041610718,0.6030529141426086,1.322556495666504,-0.033072710037231445,0.25001049041748047,0.0003373421384207393,0.06408812938791364,52.54688262939453
0.3615318238735199,0.589411199092865,0.4182838797569275,0.6030725240707397,0.4182018041610718,0.6030529141426086,1.3116803169250488,-0.033262431621551514,0.23936593532562256,0.00038451416864048946,0.055755557130146016,51.098228454589844
0.36133208870887756,0.5893628597259521,0.4177153706550598,0.6029364466667175,0.4182018041610718,0.6030529141426086,1.3003909587860107,-0.03334444761276245,0.2284940481185913,0.00040237981567114306,0.047206326573574486,52.24429702758789
0.36112749576568604,0.5893133282661438,0.4171186685562134,0.6027935743331909,0.4182018041610718,0.6030529141426086,1.288234829902649,-0.033430635929107666,0.21679913997650146,0.0004116693412947077,0.047309065087819846,52.7108268737793
0.3608721196651459,0.5892515182495117,0.4165039658546448,0.6026463508605957,0.4182018041610718,0.6030529141426086,1.2771458625793457,-0.033519446849823,0.20608782768249512,0.0003565559555143115,0.04682257896885744,51.5228271484375
0.36066004633903503,0.5892001986503601,0.4159214496612549,0.6025068759918213,0.4182018041610718,0.6030529141426086,1.266197919845581,-0.033603549003601074,0.19554078578948975,0.0004301054673770052,0.03748653836940652,51.360164642333984
0.36035650968551636,0.5891267657279968,0.4153103828430176,0.6023604869842529,0.4182018041610718,0.6030529141426086,1.2551531791687012,-0.03369182348251343,0.18485641479492188,0.00038535393854823366,0.03806672173182468,52.55095672607422
0.3600822687149048,0.589060366153717,0.4147219657897949,0.6022195816040039,0.4182018041610718,0.6030529141426086,1.2430291175842285,-0.033776819705963135,0.17317593097686768,0.0003684167413923328,0.03670699908011077,51.28337097167969
0.359809547662735,0.5889943242073059,0.4141220450401306,0.6020758152008057,0.4182018041610718,0.6030529141426086,1.2315735816955566,-0.03386348485946655,0.16212952136993408,0.00038290074010136066,0.03127899376993182,52.544925689697266
0.359541654586792,0.5889294743537903,0.41350793838500977,0.6019287109375,0.4182018041610718,0.6030529141426086,1.2204318046569824,-0.03395223617553711,0.15138351917266846,0.0003491373714340461,0.03094145208411847,52.307342529296875
0.3592846989631653,0.5888672471046448,0.4128909707069397,0.601780891418457,0.4182018041610718,0.6030529141426086,1.208498239517212,-0.03404134511947632,0.1398993730545044,0.00033709953039990324,0.028883076702399535,52.03245544433594
0.3591116666793823,0.5888254046440125,0.41226816177368164,0.6016316413879395,0.4182018041610718,0.6030529141426086,1.1964552402496338,-0.03413134813308716,0.12835466861724854,0.00037074636386457555,0.02269702663924278,51.85118865966797
0.35901322960853577,0.5888015627861023,0.41163456439971924,0.601479709148407,0.4182018041610718,0.6030529141426086,1.1842981576919556,-0.034222960472106934,0.11673843860626221,0.00039844187283304827,0.01924042931105341,51.81515121459961
0.35891568660736084,0.5887779593467712,0.41099828481674194,0.6013272404670715,0.4182018041610718,0.6030529141426086,1.1735551357269287,-0.03431499004364014,0.10645842552185059,0.0004030805489852636,0.016334514832389013,51.644126892089844
0.3584944009780884,0.5886759161949158,0.4107341170310974,0.6012638807296753,0.4182018041610718,0.6030529141426086,1.1628553867340088,-0.03435313701629639,0.09613704681396484,0.0003795079144783293,0.015297880782725981,52.54682159423828
0.35838910937309265,0.5886504650115967,0.4103410542011261,0.6011696457862854,0.4182018041610718,0.6030529141426086,1.151953935623169,-0.03440999984741211,0.08575022220611572,0.0004073013947632105,0.012476095283080024,51.562889099121094
0.3581732511520386,0.5885981321334839,0.40925663709640503,0.6009095907211304,0.4182018041610718,0.6030529141426086,1.140781283378601,-0.03456681966781616,0.07494950294494629,0.00043615180797631353,0.010573756262009737,51.50819396972656
0.35786622762680054,0.588523805141449,0.4089769423007965,0.6008425354957581,0.4182018041610718,0.6030529141426086,1.129225730895996,-0.03460729122161865,0.06388187408447266,0.0004434190909816116,0.008288457281355188,52.635520935058594
0.3576044738292694,0.5884604454040527,0.408462256193161,0.6007190942764282,0.4182018041610718,0.6030529141426086,1.1180614233016968,-0.03468167781829834,0.05316901206970215,0.0004524241776701632,0.007018716797202451,52.35472106933594
0.35747581720352173,0.5884292721748352,0.407778799533844,0.6005551815032959,0.4182018041610718,0.6030529141426086,1.1068930625915527,-0.03478056192398071,0.04248690605163574,0.0004356002039514091,0.005745418540895275,50.572113037109375
