0,-0.1508191172047262
1,-0.1541742581575728
2,-0.1598733367687805
3,-0.1577533831449779
4,-0.1579434820938904
5,-0.1572312932658276
6,-0.157379753399901
7,-0.1630343079899833
8,-0.1559573797107261
9,-0.1637557392783948
10,-0.1605039498053889
11,-0.1676287425109636
12,-0.1688227615128345
13,-0.1514121234730728
14,-0.150958150787252
15,-0.157067526338197
16,-0.1565210954605965
17,-0.1541280289711163
18,-0.1579581518636942
19,-0.1650896314790968
20,-0.1626711952957023
21,-0.1614282365101698
22,-0.1571408912943183
23,-0.1533997471458763
24,-0.1645989044847855
25,-0.1644684460095895
26,-0.1491903149066252
27,-0.1576010623779908
28,-0.1596907177013133
29,-0.156552048757589
30,-0.1558243370088355
31,-0.1598857298899565
32,-0.1484680334496662
33,-0.1561387329316709
34,-0.1470068549773509
35,-0.1593015281050883
36,-0.154768543362669
37,-0.1472588944386128
38,-0.1428433326553333
39,-0.1594880660154113
40,-0.1471729274842002
41,-0.1570087814132046
42,-0.1487665134175993
43,-0.1449367220632313
44,-0.1591281268084875
45,-0.151068048795692
46,-0.1565043388469864
47,-0.1633882743184949
48,-0.1508092058445147
49,-0.1663522929317346
50,-0.1554320040501373
51,-0.1544031392283548
52,-0.148395796641243
53,-0.1610900412997072
54,-0.151445049628226
55,-0.1587295362109606
56,-0.1644170606477005
57,-0.1521763649549446
58,-0.1630765091383993
59,-0.1600147519833616
60,-0.1496128554243314
61,-0.1578060197800025
62,-0.1608717312345608
63,-0.1638204434110061
64,-0.1584665850481051
65,-0.1618024042083678
66,-0.1500574742896957
67,-0.1629060009886777
68,-0.159582503182842
69,-0.1481481138000804
70,-0.1544553500043509
71,-0.1584220070901169
72,-0.1548374781595782
73,-0.1650832886042057
74,-0.1489009296240814
75,-0.1557661294647719
76,-0.1717099120346486
77,-0.1701434790569836
78,-0.1557340548738469
79,-0.1670791585279024
80,-0.1603079582260396
81,-0.1601565063575955
82,-0.1675365351841021
83,-0.1655958664014422
84,-0.1595551694880821
85,-0.945427412714964
86,-0.9424672318448502
87,-0.959961745021926
88,-0.932594522782764
89,-0.940869978155375
90,-0.9351088805058402
91,-0.9491997769724614
92,-0.9449265291781254
93,-0.939850137502798
94,-0.942291462748158
95,-0.9442906138527694
96,-0.9449204082053896
97,-0.9456757194912364
98,-0.9381919679768066
99,-0.948738670595332
100,-0.929022376193674
101,-0.9319147608068205
102,-0.944680512337186
103,-0.93647657498087
104,-0.9435173931636414
105,-0.950520755332563
106,-0.951103045158134
107,-0.9522523131292504
108,-0.9482606658462784
109,-0.9326912724755028
110,-0.9498323191842438
111,-0.9514619891862424
112,-0.9416676578313146
113,-0.9439840778979062
114,-0.9300733702579236
115,-0.9423084701585775
116,-0.9397118048499696
117,-0.9350793156031632
118,-0.9460044383099208
119,-0.9485693549728051
120,-0.9403490752517262
121,-0.943759580725681
122,-0.942709276158229
123,-0.9351011508629388
124,-0.9314251691774222
125,-0.94728851270853
126,-0.9428864217341888
127,-0.9545535114383532
128,-0.9410871570796334
129,-0.9291615392471998
130,-0.939648844801732
131,-0.9596313275060876
132,-0.9533249973873812
133,-0.9409166879085876
134,-0.9355985870267312
135,-0.9426714032811404
136,-0.9420221620196656
137,-0.9395966029848885
138,-0.9374710110238113
139,-0.9399894577729164
140,-0.9370381256113608
141,-0.9431806787516608
142,-0.939278648429393
143,-0.9398789239587604
144,-0.937207018823651
145,-0.9436883050655572
146,-0.9333823055280188
147,-0.9294818242401098
148,-0.9399875464267796
149,-0.940183926632421
150,-0.936286840026673
151,-0.9441091380144756
152,-0.9427035585390192
153,-0.9415546687468987
154,-0.9426490524711107
155,-0.947170409739762
156,-0.9499204143191198
157,-0.9366173371707208
158,-0.943297934098742
159,-0.9583345980114216
160,-0.9506567038021748
161,-0.930036860137378
162,-0.9366251241937984
163,-0.9409459376865612
164,-0.9368784541667152
165,-0.9393066216407724
166,-0.9438902497693572
167,-0.9467511435934952
168,-0.9457581911828458
169,-0.9425947832967762
170,-0.9396590901429502
171,-0.9427340555663334
172,-0.9385718609074498
173,-0.9488018218799772
174,-0.9433858392225676
175,-0.948425416301182
176,-0.9391049605091426
177,-0.9541447027300136
178,-0.9445926488201576
179,-0.9393204673173836
180,-0.9530015756224652
181,-0.9372157555539004
182,-0.9504684147245368
183,-0.9492630218834668
184,-0.9476730552090864
185,-0.9582223350438112
186,-0.9419445932836052
187,-0.9362494319295046
188,-0.949975508326405
189,-0.9378327773283696
190,-0.9444673225635162
191,-0.944311266573632
192,-0.9436809273660234
193,-0.9439149564654048
194,-0.94511644741485
195,-0.9431212467423712
196,-0.9363527547944844
197,-0.9286748138097238
198,-0.9362412068086085
199,-0.9443983574531128
200,-0.952748631587098
201,-0.9400726705954786
202,-0.9382349886460044
203,-0.9382574621773306
204,-0.9392022378200352
205,-0.932866807182816
206,-0.9486015674697448
207,-0.9379045127016902
208,-0.9420586179230293
209,-0.943810666828588
210,-0.9488419148353752
211,-0.9408269867574148
212,-0.9385624253566612
213,-0.950338266132332
214,-0.9328184999461708
215,-0.9405319230495484
216,-0.937472771739068
217,-0.9345218420578164
218,-0.9394617249347392
219,-0.943666672475399
220,-0.9504652692076164
221,-0.9385354489681468
222,-0.946666933801853
223,-0.9446056225936684
224,-0.9408607772215762
225,-0.9427587898779968
226,-0.9459037225716136
227,-0.9365970441372552
228,-0.9453973289614168
229,-0.9458439509896984
230,-0.9459591788889398
231,-0.942935570854076
232,-0.9296034923525064
233,-0.9327928251532038
234,-0.936935822661926
235,-0.9468910178617606
236,-0.9384372626057844
237,-0.9288964096297792
238,-0.9313979445906968
239,-0.945812092334412
240,-0.941162332629593
241,-0.954522705741986
242,-0.9406983062140204
243,-0.9401868892041566
244,-0.9414520187262924
245,-0.9430225016335632
246,-0.936358950668404
247,-0.9366082490695417
248,-0.947735642507872
249,-0.9433858641861382
250,-0.9368447135944536
251,-0.933506782540592
252,-0.944446241755763
253,-0.9450558639163982
254,-0.9437429324332884
255,-0.9423308413656012
256,-0.9388637486671374
257,-0.9477164247035308
258,-0.9521352900369532
259,-0.937112390437199
260,-0.9416782504271556
261,-0.9413410389593878
262,-0.9489730946165248
263,-0.9373864629619738
264,-0.94457235186961
265,-0.9518511609789224
266,-0.943165446442081
267,-0.9324331497733164
268,-0.94911848969996
269,-0.9433506898660176
270,-0.9348464169002514
271,-0.9413707907875072
272,-0.9458523703974686
273,-0.9376096371811564
274,-0.943541246235196
275,-0.9433311745837732
276,-0.9352826486946284
277,-0.9485548967985356
278,-0.9392855370678256
279,-0.936938824026324
280,-0.9411506632468798
281,-0.9318096817936624
282,-0.9434869355409522
283,-0.9513285763011322
284,-0.9397511832638143
285,-0.9418322040745256
286,-0.9294897743049472
287,-0.9358101398460656
288,-0.940867154470234
289,-0.9315706847504251
290,-0.9401660562600516
291,-0.9386045746628252
292,-0.9381028397591592
293,-0.9334903707095024
294,-0.9359502059871116
295,-0.9453462187194982
296,-0.9422856659967308
297,-0.9316688594223996
298,0.0580768967109513
299,0.0486772917197273
300,0.0542144263748816
301,0.0464224494873136
302,0.0424536386277552
303,0.0493399572715168
304,0.0438753756345337
305,0.0442954906967154
306,0.0425778821097159
307,0.0442640370663662
308,0.0464642388513013
309,0.0504372544761648
310,0.0462805012410312
311,0.0402703105312347
312,0.0574060715579792
313,0.0355013751441467
314,0.0562493406102835
315,0.0539874477622206
316,0.0634679812779428
317,0.0527397727317594
318,0.0460088227906098
319,0.0457465730396273
320,0.0540474217458239
321,0.0534663858735781
322,0.0531193958090463
323,0.0604064219849839
324,0.0507823774981061
325,0.058982394787595
326,0.0429412746151278
327,0.0425456252428821
328,0.0481433508240258
329,0.0530186407515478
330,0.0447700732665062
331,0.0541843070655002
332,0.0360447521056541
333,0.0475419134204968
334,0.0444850028819398
335,0.0520944399370206
336,0.0451499260043102
337,0.0565074188325024
338,0.0470958852304857
339,0.0601088941109959
340,0.0549275916559356
341,0.0426330285964883
342,0.047906887586218
343,0.0448986732173455
344,0.0465902129262537
345,0.050166671127603
346,0.0451751011800356
347,0.0503841320164761
348,0.046317562635668
349,0.0572297312023658
350,0.0574383916675828
351,0.046298758947096
352,0.0526176614673569
353,0.054525977306848
354,0.0492955113651614
355,0.0515464609317963
356,0.0467460470667793
357,0.0551300679781281
358,0.0491737420096218
359,0.0476650701315725
360,0.0502646691773678
361,0.0415781325916652
362,0.0572959308674645
363,0.0474859321463878
364,0.0500368293097067
365,0.0439465089071052
366,0.0566885065205761
367,0.0496338677896592
368,0.0392167022550401
369,0.0576101765923957
370,0.0467252675123552
371,0.0343426515815567
372,0.0402834538435151
373,0.0538848861183444
374,0.0562281955561891
375,0.0529169854660967
376,0.0425433059833576
377,0.0418587513295511
378,0.0556731000135391
379,0.0484849666797528
380,0.0397764428137325
381,0.0496700974786452
382,0.048147717081142
383,0.0421376042081458
384,0.0484012726308097
385,0.0459565957085135
386,0.0528437938434564
387,0.0538269605021631
388,0.0546311943540746
389,0.0365763743920413
390,0.0451052885108254
391,0.0514117425531627
392,0.0486427281180392
393,0.0485590604189233
394,0.0508302320830236
395,0.0530199590614705
396,0.036646752596748
397,0.0527539551887673
398,0.0535127553026429
399,0.0418637608241734
400,0.0479561493118746
401,0.0545942869834499
402,0.0479084004711631
403,0.0453898028529433
404,0.0518742174160698
405,0.0522285715333986
406,0.048273256470747
407,0.0539317506096614
408,0.0416283649691195
409,0.141456792104599
410,0.1464236453172881
411,0.1433836804363196
412,0.1337444589128885
413,0.1465761311006886
414,0.1550509519652667
415,0.1448468507824535
416,0.1497485157744102
417,0.153375078424883
418,0.1524951867161174
419,0.1374598515338906
420,0.137694642462778
421,0.1473081756324099
422,0.1385710973488937
423,0.1460542391840507
424,0.1454785405047237
425,0.1567559394268945
426,0.1497238643715619
427,0.1431806151973889
428,0.1478236593167193
429,0.1474138438621413
430,0.1474168869925456
431,0.1471478193846779
432,0.1619158092606749
433,0.1497901600800265
434,0.1472461653219504
435,0.1447161753729772
436,0.1432949850804833
437,0.1485742403037142
438,0.1427505642594265
439,0.1360643769344422
440,0.135840832527269
441,0.1391341531426635
442,0.1449947441782012
443,0.1445405952019804
444,0.1384520196161907
445,0.1408419480692016
446,0.1460821602345134
447,0.1384867915360316
448,0.1428243947428966
449,0.151922918806026
450,0.1315853667782448
451,0.1489356529005869
452,0.1495242726515555
453,0.1552574570789195
454,0.1574015276928319
455,0.1444642342075497
456,0.148976933320404
457,0.1524900463117035
458,0.1485844407300215
459,0.1499769109713909
460,0.1379199076447668
461,0.1468988911092636
462,0.1591394024343404
463,0.1330421536182353
464,0.145985202013377
465,0.1508746457748548
466,0.1525090904854638
467,0.1514740917988078
468,0.1515537882048879
469,0.1508831117069571
470,0.1548769683603993
471,0.1351514821816387
472,0.1589530779513381
473,0.1416544088757763
474,0.1467411737383933
475,0.1528314820023615
476,0.1368248196152055
477,0.1443702788189067
478,0.1499206505812403
479,0.1479020031656025
480,0.1475347931618434
481,0.1460988738642976
482,0.1459989949913785
483,0.1462582684692716
484,0.1562839543059978
485,0.1543815865332407
486,0.1443204898698389
487,0.1466353954214278
488,0.1433522935764451
489,0.1428091997628767
490,0.1404087134177868
491,0.1519564840099601
492,0.1397003433556776
493,0.1482679962061771
494,0.1403186710206077
495,0.1428160638633873
496,0.1437947823198125
497,0.1497620720464883
498,0.1473862306806921
499,0.1447799014326927
500,0.1475255765366959
501,0.1449413932692999
502,0.147387213481204
503,0.1445204095528559
504,0.1491110355167837
505,0.1465187590621051
506,0.150489281827671
507,0.1507724613264968
508,0.1472906911843325
509,0.15115078998883
510,0.1493180400732814
511,0.1474539803130601
512,0.1393920361069096
513,0.143881816371695
514,0.1526459601728176
515,0.1372781756695585
516,0.1453084163747719
517,0.1429922981760503
518,0.155113506506124
519,0.1463427750760342
520,0.1555175851483866
521,0.1410795885220689
522,0.1480513811729465
523,0.1472287749527731
524,0.1512429488819866
525,0.1536744467245595
526,0.1461672196187035
527,0.144055480763776
528,0.1558382840867169
529,0.1368782362954304
530,0.1516595970460483
531,0.1491866579613428
532,0.1381700960117603
533,0.1526455321359833
534,0.1428623548644013
535,0.1414679817060222
536,0.1398961328900516
537,0.1476778975527552
538,0.1528599171974106
539,0.142178176074224
540,0.1397589353890844
541,0.1493371407658587
542,0.1447133784995386
543,0.1434173496540977
544,0.1420963389111195
545,0.1407022623486218
546,0.1509576566209028
547,0.1388419311306513
548,0.1405933579430821
549,0.149347270001642
550,0.1426702651725463
551,0.1380739197905504
552,0.1497598514839012
553,0.1513075009796285
554,0.1429240434811831
555,0.1515605287016871
556,0.1444718887510928
557,0.1472709300921769
558,0.1521978734754503
559,0.1413108696442028
560,0.1592226491000763
561,0.1567886582317419
562,0.1446470266392669
563,0.1406569163788491
564,0.1444564659861972
565,0.1385056821670842
566,0.1379483333873171
567,0.1379279394439708
568,0.1449165215734054
569,0.1480831340867512
570,0.1426886530738342
571,0.1573923422251926
572,0.1379220790617345
573,0.1608637734043483
574,0.1416616578431289
575,0.142119193665081
576,0.1433076729946221
577,0.1453022871765984
578,0.1556425559811884
579,0.1534809416203009
580,0.138204659718175
581,0.1494513913474179
582,0.1372525660542873
583,0.1408495445138468
584,0.1477612047455534
585,0.1502020773513428
586,0.1445491631107732
587,0.1541524527215373
588,0.1422659980217577
589,0.1575524801878114
590,0.1483561440754926
591,0.1375691674011924
592,0.1370469423178576
593,0.1488864961168637
594,0.1432070315935454
595,0.1444666089871941
596,0.1507244804976019
597,0.1419953344408145
598,0.1484809683984626
599,0.1510040742768274
600,0.1325319034114444
601,0.1439133483968694
602,0.1499354341156826
603,0.1442819220008495
604,0.1507991347389575
605,0.1311804037544196
606,0.1466429453340814
607,0.1482621265996379
608,0.1420260285739474
609,0.1439305270736799
610,0.1358479294068607
611,0.1437683382844288
612,0.1589475838610948
613,-0.8435308019073496
614,-0.8546359798697933
615,-0.8566820108275865
616,-0.8515222748717955
617,-0.8480553235071399
618,-0.852877253227238
619,-0.8445211874084917
620,-0.8457064422945723
621,-0.8527409509485138
622,-0.8403936491180745
623,-0.8476480052466799
624,-0.8548745235769438
625,-0.8444748127101919
626,-0.8506065549640949
627,-0.8367269731706811
628,-0.8463587631842486
629,-0.8496688260054408
630,-0.8477294990761661
631,-0.8424729396305941
632,-0.8507728890829733
633,-0.8594515913219224
634,-0.8409873512636695
635,-0.8462105849310577
636,-0.8497194579099272
637,-0.8644156541123793
638,-0.8495008637717405
639,-0.8460457670386407
640,-0.8475450770874524
641,-0.8458110546716884
642,-0.8491371251629433
643,-0.8476955456397914
644,-0.8436026514297769
645,-0.8549555246890772
646,-0.8491445360367886
647,-0.8422608039844801
648,-0.8368931174096603
649,-0.8434830123967025
650,-0.8441412757603758
651,-0.8513609371103014
652,-0.832675120919878
653,-0.8570717228233904
654,-0.8415366339446873
655,-0.8513144071633518
656,-0.8415932140531217
657,-0.85088360175606
658,-0.8488348532393599
659,-0.8466430948594393
660,-0.8523584347550391
661,-0.8444188160507118
662,-0.8564212365418749
663,-0.8423184622283312
664,-0.8523913260284145
665,-0.8465257027425833
666,-0.845459115576427
667,-0.8477700886563132
668,-0.845810373214812
669,-0.8498237075158802
670,-0.8469250666750913
671,-0.8444659681940815
672,-0.8522993469534569
673,-0.8498855878449182
674,-0.8443004615745285
675,-0.8346037178781134
676,-0.8517303572211254
677,-0.8454530570184823
678,-0.8576351980386586
679,-0.8479978581761058
680,-0.8499895708243564
681,-0.8444875631784378
682,-0.8446033787737995
683,-0.8370717225730362
684,-0.8562835944769017
685,-0.8506437605367148
686,-0.8517286418835591
687,-0.8548759026458289
688,-0.8429296375796591
689,-0.8491522707792291
690,-0.8495390810660873
691,-0.8576579194749756
692,-0.8552199019229716
693,-0.8411684306047962
694,-0.8445735084958628
695,-0.8530457249289264
696,-0.8514048876670867
697,-0.8522593783293194
698,-0.8465444904663865
699,-0.8370611572652151
700,-0.8495396320764002
701,-0.8404522154597489
702,-0.8465052455960843
703,-0.8561941717580503
704,-0.8562239219907976
705,-0.8461464849551913
706,-0.8459592082577203
707,-0.8372630126407222
708,-0.8381710235587952
709,-0.8490785748607113
710,-0.8424616024331523
711,-0.8535007832300112
712,-0.8466225215904035
713,-0.849994428369637
714,-0.853892703762286
715,-0.8413222538121917
716,-0.8592431218228268
717,-0.8447263183316255
718,-0.859171791735902
719,-0.8498606831751329
720,-0.8480805958556565
721,-0.8480925676208696
722,-0.8448934712591093
723,-0.8345284333978972
724,-0.8407573492058924
725,-0.8395367178382159
726,-0.8514923694840956
727,-0.8450099447110625
728,-0.8522727653399128
729,-0.8546385232139543
730,-0.8465594264550498
731,-0.8471072859039434
732,-0.8414650227622996
733,-0.8533538405582677
734,-0.8521641954507826
735,-0.8564659338398359
736,-0.8456692486548109
737,-0.8403129660278638
738,-0.8457692386683573
739,-0.8518247521079592
740,-0.8461471823975688
741,-0.8504089555466174
742,-0.850246569167222
743,-0.8447230804576106
744,-0.847526502125269
745,-0.8461642878835209
746,-0.8530602794921603
747,-0.8443915038213389
748,-0.8480076717579532
749,-0.8475604310600887
750,-0.8434643168053787
751,-0.8419536003881968
752,-0.8530273156497081
753,-0.8438777064006909
754,-0.8550738639070519
755,-0.8400063933418838
756,-0.8561599799470945
757,-0.8477213589138223
758,-0.847493144675516
759,-0.2609965035097942
760,-0.2630379101160585
761,-0.2714609198452287
762,-0.2661687565188547
763,-0.2719174631987168
764,-0.259353083073867
765,-0.2675112190250693
766,-0.2778868692402737
767,-0.2689048913269777
768,-0.2715338424390476
769,-0.2703891084030445
770,-0.2725248100305925
771,-0.2772590750461869
772,-0.2633254400311532
773,-0.2671358958170298
774,-0.256779286220912
775,-0.2685180104044218
776,-0.2641797058160005
777,-0.2704898241078899
778,-0.265880350800332
779,-0.263223065333806
780,-0.2657708289850476
781,-0.256959108396997
782,-0.2666544242924598
783,-0.2653325371472267
784,-0.2756635692787619
785,-0.2797854226457575
786,-0.272250172040903
787,-0.2690398742496503
788,-0.2657633059855487
789,-0.2548794962980197
790,-0.2667532347019695
791,-0.2619339073941188
792,-0.2637630382068932
793,-0.2719629544613043
794,-0.2591480954379406
795,-0.2722837282085722
796,-0.2597714395009069
797,-0.2635126089898941
798,-0.2660774849236286
799,-0.2602279792562504
800,-0.2680929232147184
801,-0.2708140442546672
802,-0.263632642763853
803,-0.2797495183106431
804,-0.2667123358864171
805,-0.2637332519885882
806,-0.2645576358427879
807,-0.2697625753923753
808,-0.2706463796389724
809,-0.2810128391310545
810,-0.2656244651485583
811,-0.2667361740826384
812,-0.2682155568590821
813,-0.2642653493932846
814,-0.2601846914143363
815,-0.2694598437105295
816,-0.2713409278353879
817,-0.2640883648928541
818,-0.2671748706296295
819,-0.2786461084224668
820,-0.2698155825123316
821,-0.2664680833392025
822,-0.2721340413366035
823,-0.2702235821247236
824,-0.2720219802303508
825,-0.2727263569541892
826,-0.2713108346704225
827,-0.2724343560593095
828,-0.2761132393906795
829,-0.265111302497322
830,-0.2700306337348305
831,-0.2632326476164557
832,-0.260457259606443
833,-0.2683407036686782
834,-0.2607326261153794
835,-0.280544891692144
836,-0.2717618274231816
837,-0.2601185431132323
838,-0.2712604770240689
839,-0.2709946133091862
840,-0.2724675776612956
841,-0.2715329619398708
842,-0.2632239747404606
843,-0.2634136330146558
844,-0.2598898772048893
845,-0.2798058833714831
846,-0.2595698748597252
847,-0.2754740519360371
848,-0.2619531830194546
849,-0.2650459774066819
850,-0.2591507907033284
851,-0.2692624294918312
852,-0.2575459632294011
853,-0.2683599136362872
854,-0.2775857699188896
855,-0.2584626873296763
856,-0.2806637482680806
857,-0.2653868322692391
858,-0.0932442558984059
859,-0.1062562295510441
860,-0.1088423117840382
861,-0.0973141890003189
862,-0.1027043796751588
863,-0.1051051912877266
864,-0.103743244683464
865,-0.0947450553161507
866,-0.0989102692682924
867,-0.0950971102285123
868,-0.1066475918152323
869,-0.0974224544254723
870,-0.0875294985418581
871,-0.1050291345323382
872,-0.1060016023310307
873,-0.0995119522148332
874,-0.09998518369574
875,-0.1018664406708702
876,-0.1051982261515448
877,-0.1185691799896488
878,-0.0861531913681793
879,-0.1075947411401525
880,-0.089546624451032
881,-0.105069706059811
882,-0.1069854713175647
883,-0.0937421979404524
884,-0.0944374071478254
885,-0.1068227904883778
886,-0.1045253301060729
887,-0.0982703175744915
888,-0.1051658250150723
889,-0.1045340141134938
890,-0.1067549433397149
891,-0.0985112461622254
892,-0.0991058820010161
893,-0.1057932275793655
894,-0.100107150832463
895,-0.1038406779762014
896,-0.1064225191168777
897,-0.1089228404255112
898,-0.1115062712725159
899,-0.1099365440371546
900,-0.1111251934016643
901,-0.1095215228640892
902,-0.1102952963927623
903,-0.0941355736549976
904,-0.0963481695500479
905,-0.1104423232408443
906,-0.1039157660288264
907,-0.1043283524211879
908,-0.1114650493431502
909,-0.1005177146928103
910,-0.1032238299659741
911,-0.1062466745414367
912,-0.1032360352180152
913,-0.0988663100241922
914,-0.1050572938997475
915,-0.0953034377504051
916,-0.102607548431909
917,-0.0981880566285626
918,-0.0994789703186195
919,-0.0995343387335177
920,-0.1022910145473935
921,-0.0978251227901431
922,-0.1061830636086598
923,-0.1070102765537313
924,-0.1040980229258381
925,-0.1108581229353718
926,-0.1109045062587451
927,-0.1037789678528762
928,-0.1092914162959314
929,-0.1115815249861537
930,-0.0966665113807494
931,-0.1057892738524912
932,-0.1089809226955205
933,-0.1109750893115969
934,-0.1133962611574741
935,-0.1064967882063896
936,-0.1012654993683542
937,-0.0937167385267953
938,-0.0933068905336758
939,-0.1066088646501443
940,-0.1091953796587089
941,-0.1023995872321115
942,-0.1064395958808559
943,-0.1041410837920205
944,-0.0999046909425012
945,-0.1103073618424574
946,-0.0928024914916564
947,-0.1042820563262399
948,-0.0898131437102345
949,-0.098772819739455
950,-0.1054418713475293
951,-0.1056448973204164
952,-0.1045489114716544
953,-0.1119079182396876
954,-0.1031187916289641
955,-0.1196916487888817
956,-0.0934863292224295
957,-0.1023511567367996
958,-0.0912712109657376
959,-0.0976898230313933
960,-0.1010675359798209
961,-0.1011208150962206
962,-0.10146361380086
963,-0.1094304118777075
964,-0.0966659641263502
965,-0.1035169230049011
966,-0.0973910992374865
967,-0.1068163590674005
968,-0.0906412947797468
969,-0.1018311745712105
970,-0.0998200463087482
971,-0.0985571626681763
972,-0.0989044195017928
973,-0.1024285596179512
974,-0.0942037261433026
975,-0.1085385328670097
976,-0.1052240118237803
977,-0.1099916240413369
978,-0.0985679318671241
979,-0.1078933184651718
980,-0.0999731543922897
981,-0.0978758913867778
982,-0.0938472260540065
983,-0.1036717392907096
984,-0.10392681527747
985,-0.0988321810801776
986,-0.0987645833308516
987,-0.1060548146297382
988,-0.102643196294086
989,-0.1090211325076302
990,-0.1029640264031919
991,-0.1058616388209256
992,-0.0954772542348428
993,-0.098763767253127
994,-0.1095344996505403
995,-0.1096884085141836
996,-0.0999581160619322
997,-0.1130494696388039
998,-0.1046520002270152
999,-0.1070986400621391
1000,-0.1026972152962681
1001,-0.1016369655888699
1002,-0.1050210651854244
1003,-0.1090599536144727
1004,-0.0995429810061131
1005,-0.1065813757987521
1006,-0.1013619398120316
1007,-0.108031378088331
1008,-0.1055256630413417
1009,-0.0945259273502507
1010,-0.0938169699705608
1011,-0.1067521292081578
1012,-0.1024580652042116
1013,-0.1194737798805082
1014,-0.0985951627004403
1015,-0.0970108327423372
1016,-0.1036235125315552
1017,-0.1055757418451882
1018,-0.1008063277942793
1019,-0.1121460299621118
1020,-0.1101948924940842
1021,-0.0967499125507517
1022,-0.0981829249504218
1023,-0.0986284515840314
1024,-0.0949585350003919
1025,-0.1158152299486157
1026,-0.1170922087360996
1027,-0.1022887528198697
1028,-0.1012040708651397
1029,-0.086259722769718
1030,-0.0993711539536495
1031,-0.1030166202383534
1032,-0.1091707690617643
1033,-0.1035602191951354
1034,-0.3214033007499736
1035,-0.3212901518799047
1036,-0.3267349258330482
1037,-0.3406379007785854
1038,-0.3279064304926782
1039,-0.3271532364487039
1040,-0.3253494834419506
1041,-0.3275570147869705
1042,-0.3451519432959159
1043,-0.3101658268707695
1044,-0.3247383122695677
1045,-0.3255012673905722
1046,-0.323297476401203
1047,-0.3232374265997343
1048,-0.3335953721392439
1049,-0.3290074307569731
1050,-0.332116127530441
1051,-0.3341118648589704
1052,-0.3176189799830947
1053,-0.3318918467693505
1054,-0.3344174114588044
1055,-0.3327789136475074
1056,-0.320642588869966
1057,-0.3260948455085885
1058,-0.3132495470858599
1059,-0.3334138260179126
1060,-0.3307419118473206
1061,-0.3219417909979177
1062,-0.3259043164014484
1063,-0.325904188771899
1064,-0.3253438579736102
1065,-0.3254676813126806
1066,-0.3212805509460766
1067,-0.3249853273294421
1068,-0.3414072968658198
1069,-0.3358587783179997
1070,-0.3254954593152795
1071,-0.3396603744404373
1072,-0.3229793093566054
1073,-0.3290064462347314
1074,-0.3270615395261885
1075,-0.3272648635642926
1076,-0.3200721556920546
1077,-0.334024684233269
1078,-0.328023007170815
1079,-0.3253630845962861
1080,-0.3263133997497772
1081,-0.3320303509917364
1082,-0.3221093484724063
1083,-0.321090312745813
1084,-0.3253914599041974
1085,-0.3294365575770361
1086,-0.3201636924731673
1087,-0.3280955260567022
1088,-0.3392789894232874
1089,-0.3335679378969342
1090,-0.3246470262113772
1091,-0.3239855882466685
1092,-0.3208379137760004
1093,-0.3263478823699869
1094,-0.3330163520716505
1095,-0.3325963122046003
1096,-0.3121285097779572
1097,-0.326479647198988
1098,-0.3199047899451226
1099,-0.3175947267655891
1100,-0.331479868698543
1101,-0.3245529924815051
1102,-0.3294190104900047
1103,-0.3279043691523836
1104,-0.321519477473848
1105,-0.3286072623473909
1106,-0.3210426081603985
1107,-0.3310335067022909
1108,-0.3293135535704937
1109,-0.3213448191215353
1110,-0.3180354271900311
1111,-0.3256336888366345
1112,-0.3202821293197084
1113,-0.3323820902045206
1114,-0.3238288863815943
1115,-0.3415701774464659
1116,-0.3218786242977654
1117,-0.3196649597386304
1118,-0.3238599448340061
1119,-0.3286950738776113
1120,-0.3212638373948271
1121,-0.3269423247181888
1122,-0.3220908761081615
1123,-0.3349973528929056
1124,-0.3309251154941198
1125,-0.3160306067219503
1126,-0.3160666725679987
1127,-0.3288956087142891
1128,-0.3218812366400029
1129,-0.3174342325513177
1130,-0.3263357624703256
1131,-0.3314331799692331
1132,-0.3215377588217399
1133,-0.3338639038601448
1134,-0.3266211504370781
1135,-0.3184312801480054
1136,-0.3274457112815289
1137,0.4419203925416762
1138,0.436130525470271
1139,0.438130877343456
1140,0.4379660962259201
1141,0.4495632956570703
1142,0.4414991980191655
1143,0.4401435956281466
1144,0.4372298471063892
1145,0.4330283498743423
1146,0.4360123142315084
1147,0.4269793052773153
1148,0.4408211523210902
1149,0.4409022358411019
1150,0.4411655141580752
1151,0.4357917321877472
1152,0.4367189655691206
1153,0.4423206476934718
1154,0.4425301762681853
1155,0.4339891209630001
1156,0.4311575642025262
1157,0.4403140127940847
1158,0.442201187177637
1159,0.4426615750209698
1160,0.4443843168108931
1161,0.446582718718686
1162,0.4356102787855537
1163,0.4419511678735959
1164,0.4384054524360535
1165,0.433551503980725
1166,0.4298845921184592
1167,0.4331157682082502
1168,0.4395400480113485
1169,0.4350828457758801
1170,0.4481676259879306
1171,0.43194114104851
1172,0.4391629046811206
1173,0.4379077632894694
1174,0.4327377631301122
1175,0.4371842040219305
1176,0.444377627118768
1177,0.4436993598237488
1178,0.4414184780894183
1179,0.4442613008693383
1180,0.428784144422458
1181,0.4338848354361779
1182,0.4514189697978072
1183,0.4311451880184951
1184,0.4400847456106848
1185,0.4268804742187624
1186,0.4379917007529493
1187,0.4355309808105939
1188,0.4456298421572728
1189,0.4419575477697106
1190,0.4528758537781366
1191,0.4391133259554255
1192,0.441247800398559
1193,0.4459248872751076
1194,0.4299242163339686
1195,0.4330706746352217
1196,0.4518643868923612
1197,0.4426802123412749
1198,0.4357911307271643
1199,0.4354890428418462
1200,0.4301549343521831
1201,0.448825933927618
1202,0.4268074773863451
1203,0.4441587497981598
1204,0.4321375183743588
1205,0.4443307915316232
1206,0.4380262646854429
1207,0.4377911869672779
1208,0.4411301160172957
1209,0.4410350379753917
1210,0.4381666659564998
1211,0.4447090880653788
1212,0.4436280840720084
1213,0.4323718821883258
1214,0.4380239640185246
1215,0.4361314545993448
1216,0.4386733447775618
1217,0.4401238100863821
1218,0.4426578622575853
1219,0.4433461828131244
1220,0.4420258115545773
1221,0.4378999411867163
1222,0.4332422020465405
1223,0.4427781603330689
1224,0.435819298120032
1225,0.4521116918625374
1226,0.4340296391454457
1227,0.4358747099589004
1228,0.4395814586209329
1229,0.4383459747135191
1230,0.4325611539929851
1231,0.4471834154824335
1232,0.4377669252928884
1233,0.4311348361622412
1234,0.4374178311750779
1235,0.4448457225437724
1236,0.432194890809743
1237,0.4259236448761092
1238,0.4371007188220338
1239,0.4378697887313471
1240,0.4352061813960332
1241,0.4357413904996859
1242,0.4397438342164593
1243,0.4499187576223732
1244,0.4487683606366069
1245,0.4420235517081231
1246,0.4480906400053751
1247,0.4351930880641079
1248,0.4355036690286022
1249,0.4428724360154824
1250,0.4382510713909264
1251,0.4469571487824584
1252,0.4208251259035878
1253,0.4378792901129559
1254,0.4389734338103296
1255,0.4369970333486689
1256,0.4333213973890277
1257,0.4417730967769872
1258,0.4400402777272066
1259,0.4373817996396487
1260,0.4417747736788144
1261,0.4225723556096843
1262,0.4332354218404398
1263,0.4434768014106242
1264,0.4328975527879191
1265,0.4372522988258734
1266,0.4327019508592265
1267,0.4342007411277348
1268,0.4404464617155662
1269,0.4466638137895244
1270,0.4347913513528325
1271,0.4410397307526794
1272,0.4407485241355077
1273,0.4368695040178569
1274,0.4361086432177709
1275,0.4334890024778136
1276,0.4354448366175575
1277,0.4392764871865563
1278,0.434756925186635
1279,0.4417950917863371
1280,0.4426145743842654
1281,0.4443454032553631
1282,0.4293641658789356
1283,0.4445299624661332
1284,0.4444885254842027
1285,0.4342383437297701
1286,0.4416412121451266
1287,0.4365540235419102
1288,0.4331675548825322
1289,0.4411476411919391
1290,0.4435508784297033
1291,0.4396084430504794
1292,0.4358797523864861
1293,0.4399996554099117
1294,0.4345822365325814
1295,0.432663865477115
1296,0.4383356145272133
1297,0.4421914533702457
1298,0.4331092567590919
1299,0.4393971266354151
1300,0.4358019537526947
1301,0.4352637983116248
1302,0.4351913711621084
1303,0.4458366929862216
1304,0.4381559741980977
1305,0.4478832521196603
1306,0.4323224176883527
1307,0.433811829261267
1308,0.4491623574954341
1309,0.432199120239793
1310,0.4376672251356877
1311,0.4435896821036763
1312,0.4503780705333312
1313,0.4429132759611263
1314,0.4470103907362661
1315,0.4333074110674592
1316,0.4357065556536156
1317,0.4352903512738783
1318,0.4346149081888806
1319,0.4338235624570192
1320,0.4335976470858519
1321,0.4423228845392819
1322,0.4366616825771171
1323,0.4371820166467903
1324,0.4277009262306801
1325,0.4507504757379141
1326,0.4369111417068919
1327,0.4443372196205709
1328,0.4354282085459314
1329,0.4363370940642635
1330,0.4378363731323391
1331,0.434293160599106
1332,0.4348928158630369
1333,0.4309260400355786
1334,0.4415402345483424
1335,0.4286439531061007
1336,0.4461915377388097
1337,0.4351099498830542
1338,0.4400522921027812
1339,0.433545554399649
1340,0.431930950534873
1341,0.4445568128605451
1342,0.4357069347702542
1343,0.4327374964946184
1344,0.4343513197515605
1345,0.4404446625239381
1346,0.436343126851823
1347,0.4363315803602994
1348,0.4312188946376519
1349,0.448715954586732
1350,0.4377639204649092
1351,0.4386117695918817
1352,0.4369819686775686
1353,0.4379224171086864
1354,0.4466519028128652
1355,0.4386150828493355
1356,0.431325248760538
1357,0.4334205925367976
1358,0.441928795949322
1359,0.4401573114991061
1360,0.4241807715168154
1361,0.4302199398996209
1362,0.4352991839814171
1363,0.4326599256588789
1364,0.4356257683592307
1365,0.1304658057987166
1366,0.1322337831576781
1367,0.1241905399569929
1368,0.1324425520284888
1369,0.1421807560997907
1370,0.1356485260781474
1371,0.1290615515850913
1372,0.1285044983712633
1373,0.1280407354955419
1374,0.1251700214888735
1375,0.1421697037611743
1376,0.1304698088480985
1377,0.1341015633670796
1378,0.1302929661868463
1379,0.1355747548719456
1380,0.1396883598839174
1381,0.1290636786348244
1382,0.1288276784081499
1383,0.1292386284447205
1384,0.1221299130302421
1385,0.1296283635383499
1386,0.1239895914354306
1387,0.1322087429443167
1388,0.1257900243135175
1389,0.1392409113332249
1390,0.1354998157203684
1391,0.1306315992683359
1392,0.1194004959188829
1393,0.1233671397717981
1394,0.1278807760668401
1395,0.1400630816118691
1396,0.1344063288591065
1397,0.1314478965961396
1398,0.1307699313606791
1399,0.1362494718123293
1400,0.1466062506036117
1401,0.1415904191941736
1402,0.14161104435403
1403,0.1268638154374423
1404,0.1292399257821126
1405,0.1301667092462399
1406,0.1291630849941421
1407,0.1323264463296933
1408,0.1329199052510633
1409,0.1315022406937562
1410,0.1349301862126058
1411,0.1242772090337809
1412,0.1290493316725925
1413,0.1314076422718019
1414,0.1399347375856357
1415,0.1362212091782389
1416,0.1227374794897491
1417,0.1301679886188149
1418,0.1303990995308803
1419,0.1355782174740208
1420,0.1374162328522704
1421,0.1351142378027242
1422,0.1386834538060456
1423,0.137919248347647
1424,0.1313382273123459
1425,0.1264886425376942
1426,0.1343887730812664
1427,0.1304053752128043
1428,0.1270875592628201
1429,0.1240501191139143
1430,0.126150504046076
1431,0.1336394553060315
1432,0.1414018817850103
1433,0.1329758889033027
1434,0.1470783599271206
1435,0.1407436452947676
1436,0.1285096715219297
1437,0.1314594451102119
1438,0.1223486366772741
1439,0.1345414906845758
1440,0.138434672159868
1441,0.1263942361443832
1442,0.1411419368880876
1443,0.1270699137525907
1444,0.1277853675951479
1445,0.1312039702688976
1446,0.1439764139151804
1447,0.1356255008733083
1448,0.1378286992831063
1449,0.1328672736821604
1450,0.1318513345952809
1451,0.1352359302871436
1452,0.1302605986858147
1453,0.1310713873592812
1454,0.1259543960626138
1455,0.1355940139887528
1456,0.1352505884078575
1457,0.1261716562783334
1458,0.1331094986375274
1459,0.1351195981747294
1460,0.1407808066666168
1461,0.1228148791798724
1462,0.1330664153942968
1463,0.1309800150655967
1464,0.1339248351941483
1465,0.1390499027020431
1466,0.1396223185204116
1467,0.1298320408521328
1468,0.132544816726629
1469,0.1383758563789018
1470,0.1411637199744258
1471,0.1334403713574785
1472,0.1380549744283856
1473,0.1375972967970239
1474,0.1241659032623533
1475,0.1314040420129024
1476,0.1283096859460559
1477,0.126185818552684
1478,0.1252675678901996
1479,0.133921837338585
1480,0.1370751455732624
1481,0.1227033413080709
1482,0.1285248440926188
1483,0.6312825950830261
1484,0.6295530177821953
1485,0.6355966933437944
1486,0.6320568411117167
1487,0.6226672500874447
1488,0.6416507476371285
1489,0.6416277526780569
1490,0.6239742851220959
1491,0.6352744008157515
1492,0.6303402767347154
1493,0.6255583669337549
1494,0.6290316902446762
1495,0.6305666225247822
1496,0.6353623987865882
1497,0.6322566026286678
1498,0.6277509755751909
1499,0.6395342057567542
1500,0.6302626499755584
1501,0.6271471832590775
1502,0.6320455089739108
1503,0.6266976290012193
1504,0.6311350599715755
1505,0.6352285271463591
1506,0.6252592310594033
1507,0.6312221494582861
1508,0.6217373151738145
1509,0.6455526509461043
1510,0.6212923557090977
1511,0.6309642293182571
1512,0.640134766105319
1513,0.6362739499334708
1514,0.6326065089997819
1515,0.6183787636603987
1516,0.6374822470651526
1517,0.6259138662139447
1518,0.63220957142917
1519,0.6262495939354825
1520,0.6263995956125855
1521,0.6335125456700913
1522,0.6246207098009388
1523,0.6307984854964729
1524,0.6190676130290308
1525,0.6304810676644521
1526,0.6305993621201318
1527,0.6393146981794452
1528,0.6352346738023887
1529,0.6270112088174806
1530,0.6301638494705317
1531,0.6355000094133095
1532,0.6352742228727841
1533,0.6335850156882513
1534,0.6375318435881026
1535,0.6208450994190261
1536,0.6386938556990485
1537,0.6248116714056944
1538,0.6307735839838259
1539,0.639873563660162
1540,0.6308073081712515
1541,0.6222344635426241
1542,0.6338043968132574
1543,0.6416108940292398
1544,0.6301790665875218
1545,0.6258071978421201
1546,0.6361080278956719
1547,0.6405284830392209
1548,0.6269579074414665
1549,0.6246280386186595
1550,0.6442444330735224
1551,0.6410671300522348
1552,0.6312163337994567
1553,0.633107843454057
1554,0.6311421526302001
1555,0.6291316464332267
1556,0.6343272411310197
1557,0.6287406332519817
1558,0.6305159269450522
1559,0.6292323650062038
1560,0.6315695913400147
1561,0.6295614448761653
1562,0.6231007994518141
1563,0.6446206553802165
1564,0.639985968730395
1565,0.6375029035148917
1566,0.6365697569893863
1567,0.6314152204344581
1568,0.6339038567761648
1569,0.6376939173027193
1570,0.6285602300401552
1571,0.6243802924287214
1572,0.6365925991601148
1573,0.6318078997032595
1574,0.6361211679310823
1575,0.6296004092243874
1576,0.6301279380286853
1577,0.6380078022366725
1578,0.6357673894578373
1579,0.6358676353969476
1580,0.640832908577233
1581,0.6325138981425913
1582,0.6263407680166949
1583,0.6376715468785111
1584,0.638091890020797
1585,0.63141660578863
1586,0.6293672964600869
1587,0.6264768429562783
1588,0.6393089773396431
1589,0.6229390723114111
1590,0.6402263889529536
1591,0.6317565347988191
1592,0.6283475414759354
1593,0.6206897093516396
1594,0.6415045396029914
1595,0.6347764400364357
1596,0.6289328384661421
1597,0.6317919824769118
1598,0.6307885981557978
1599,0.6210036725974186
1600,0.6186907917049733
1601,0.6340987210877281
1602,0.621128319460889
1603,0.6221904823704681
1604,0.6287448862171777
1605,0.6307980621935207
1606,0.6291985637368317
1607,0.6370702265188718
1608,0.6331454575908507
1609,0.6290674181034438
1610,0.6226648266574718
1611,0.6349252256270936
1612,0.6312989260683987
1613,0.6233709451694713
1614,0.6296832283562893
1615,0.650718551198435
1616,0.628090565853858
1617,0.631872206385314
1618,0.625005911600795
1619,0.6330006297867805
1620,0.6372269662448222
1621,0.6336437176887284
1622,0.6267223362664324
1623,0.6289787924067634
1624,0.6322457698613292
1625,0.6338151998366143
1626,0.6251768766462157
1627,0.6312675714435779
1628,0.629090671917363
1629,0.6410080539970936
1630,0.6255411994451575
1631,0.6238099423177375
1632,0.6256707120783476
1633,0.6275644860783333
1634,0.6407076647591521
1635,0.6243465285765764
1636,0.6421913743393948
1637,0.625595943104621
1638,0.6328139897368209
1639,0.6261141417043911
1640,0.6342910617607652
1641,0.633135359638627
1642,0.632211140989221
1643,0.6301979493727468
1644,0.6270375108080405
1645,0.6190504665473597
1646,0.630344194928162
1647,0.6375981749044138
1648,0.6317911934154664
1649,0.6307868686119527
1650,0.6410793662828821
1651,0.6338943833965887
1652,0.6336581821860748
1653,0.6285473152702582
1654,0.6288638315237355
1655,0.626624690723486
1656,0.6336345948087982
1657,0.6255242980780388
1658,0.6256066935248552
1659,0.6362929990884411
1660,0.6332594377445081
1661,0.632822229525539
1662,0.6302297962744974
1663,0.6294482680541936
1664,0.6294930275351951
1665,0.6255149436387465
1666,0.6397791894108564
1667,0.6347210022982497
1668,0.6316559492218855
1669,0.6301556094460119
1670,0.6344383603625473
1671,0.6349043329435903
1672,0.638406458205448
1673,0.6328806544467958
1674,0.6205547109612424
1675,0.6253640825161455
1676,0.6270546109790683
1677,0.6362700564768458
1678,0.6256386827628745
1679,0.636970911849298
1680,0.6426849304712067
1681,0.6261768426495967
1682,0.6197017113190281
1683,0.6337256110133241
1684,0.6365888588692044
1685,0.6301402821061226
1686,0.6279300791451387
1687,0.6349360509009435
1688,0.6391069843355115
1689,0.6382821818234359
1690,0.6299654235103136
1691,0.6309910642183909
1692,0.6216953530789397
1693,0.6227679850549457
1694,0.6369327298706996
1695,0.628165811030992
1696,0.6457325520287115
1697,0.6298187986773088
1698,0.6362982672981964
1699,0.6331371303183212
1700,0.6316203785895553
1701,0.6338930678192355
1702,0.6356639475080472
1703,0.6332885089097697
1704,0.6302079129451973
1705,0.6271880090309501
1706,0.6427965177833928
1707,0.6261997589457938
1708,-0.5746482869176558
1709,-0.5655838063661389
1710,-0.582479570648971
1711,-0.5841052571741538
1712,-0.5806586957808831
1713,-0.5815882496027263
1714,-0.5814722130853055
1715,-0.5750978915290622
1716,-0.5761396354599577
1717,-0.5835439430078286
1718,-0.5743621223523316
1719,-0.5816500258686724
1720,-0.5745721151332208
1721,-0.5724922379426296
1722,-0.5812702404717949
1723,-0.580616512754483
1724,-0.5644975352303782
1725,-0.5812628094786852
1726,-0.5673861805378397
1727,-0.5717748851913372
1728,-0.5704723094157641
1729,-0.5840373278018429
1730,-0.5835141112822436
1731,-0.5707028051074444
1732,-0.5714421283979577
1733,-0.5703918189200804
1734,-0.5733400851325037
1735,-0.5820358814760617
1736,-0.563505659139844
1737,-0.5802413784347347
1738,-0.5718764550555562
1739,-0.5699324589478687
1740,-0.5898887803510872
1741,-0.5758287388367342
1742,-0.5804770837220946
1743,-0.5866165268238164
1744,-0.5746782727084001
1745,-0.5781563964364745
1746,-0.5750811757862068
1747,-0.5767871693929923
1748,-0.5817762891783699
1749,-0.5676150351845028
1750,-0.5794698754951971
1751,-0.5750349717510725
1752,-0.5681884952824584
1753,-0.5758581514075393
1754,-0.565238525765163
1755,-0.5815081378863476
1756,-0.5856699700790692
1757,-0.5776198246297365
1758,-0.5798794600789501
1759,-0.592307814144175
1760,-0.5733382899604144
1761,-0.574285969046214
1762,-0.581650211200269
1763,-0.5689701320186841
1764,-0.5735704010382418
1765,-0.5863188684266569
1766,-0.5817354941811301
1767,-0.575458264531438
1768,-0.5719956672484683
1769,-0.5799725317199823
1770,-0.5815258489558948
1771,-0.5803805821454019
1772,-0.5674819849244164
1773,-0.5630064098474895
1774,-0.5816934280921766
1775,-0.5880324417179125
1776,-0.58378821527424
1777,-0.582804984729013
1778,-0.5745084363214036
1779,-0.5802834456796985
1780,-0.5622450845054537
1781,-0.5805611732360402
1782,-0.5804401924530853
1783,-0.5734583758983334
1784,-0.5728552168979235
1785,-0.5724330538970247
1786,-0.5789563070261565
1787,-0.569912174603311
1788,-0.5787603849552223
1789,-0.5672991571827222
1790,-0.5710464349979408
1791,-0.5712886841043975
1792,-0.5732678337726849
1793,-0.5679875017543924
1794,-0.579900319940156
1795,-0.5820547168779096
1796,-0.5769923978940514
1797,-0.5776310617567969
1798,-0.5867949504075798
1799,-0.575356433826293
1800,-0.5762729587904157
1801,-0.5762297262243905
1802,-0.5768718676292738
1803,-0.5797329758957953
1804,-0.5752568232323838
1805,-0.5781102007405706
1806,-0.5755246030172025
1807,-0.5814189357139425
1808,-0.5774406192686315
1809,-0.5691264923218652
1810,-0.5737287453966337
1811,-0.5702500667184586
1812,-0.5763483145965409
1813,-0.5878072926562458
1814,-0.5823144543200988
1815,-0.575501417242385
1816,-0.5736166559079054
1817,-0.5767472284295638
1818,-0.568064644867793
1819,-0.5789158707394918
1820,-0.578283934830033
1821,-0.572993939992286
1822,-0.5850733889173051
1823,-0.5803685369844286
1824,-0.5702220545817468
1825,-0.5711469918766893
1826,-0.5817390034421416
1827,-0.5895290991412506
1828,-0.579271962235401
1829,-0.569453097441018
1830,-0.5728298893411097
1831,-0.5835013397903535
1832,-0.5781287839404082
1833,-0.5761952616070611
1834,-0.5694522533958447
1835,-0.5802695998296153
1836,-0.5775230153456734
1837,-0.5787219857982345
1838,-0.574443150749026
1839,-0.5945079645126432
1840,-0.5746081301667548
1841,-0.5803333917914251
1842,-0.5763856056924729
1843,-0.5836253198140763
1844,-0.5739031280949501
1845,-0.5782760960758324
1846,-0.5728195981745596
1847,-0.5855240608812814
1848,-0.5786860655727167
1849,-0.5815973601996739
1850,-0.5692011203215697
1851,-0.5800689161980006
1852,-0.5675130885609566
1853,-0.583767729122742
1854,-0.5832731216401805
1855,-0.5792454591934744
1856,-0.5722466785317917
1857,-0.5747504022560164
1858,-0.5847375572385815
1859,-0.5856655794054552
1860,-0.5820177996120911
1861,-0.5703895453554456
1862,-0.5712908511272087
1863,-0.579360564964807
1864,-0.5717391806763463
1865,-0.5785862407297611
1866,-0.5845090994287406
1867,-0.5801157891886499
1868,0.1166273181252981
1869,0.1165465954821726
1870,0.1164224469371272
1871,0.112958622730356
1872,0.1238744176613188
1873,0.1196214124954171
1874,0.1187492471726749
1875,0.1202837617570561
1876,0.1252778446177899
1877,0.110427597344842
1878,0.123003481909486
1879,0.117588063953291
1880,0.122465279577792
1881,0.1176143691060298
1882,0.1100380857036617
1883,0.1187234718936888
1884,0.1201420378009321
1885,0.1113923046924241
1886,0.1246095468076455
1887,0.1225532318908794
1888,0.126028713639831
1889,0.1256963098063873
1890,0.1287954249586098
1891,0.1260163590316129
1892,0.121537187464963
1893,0.1222946523950994
1894,0.1193626685340432
1895,0.1212356041995414
1896,0.1241590131141412
1897,0.1103490616282647
1898,0.1030194035424012
1899,0.1149717991511084
1900,0.1133617759216915
1901,0.1192631805025615
1902,0.1145238277678022
1903,0.1206541327787909
1904,0.1268671853670489
1905,0.1121713409130253
1906,0.1169274869570397
1907,0.1155431747899697
1908,0.1201635313850001
1909,0.1058505297171571
1910,0.1129664471038109
1911,0.1204988820317575
1912,0.1124712312338718
1913,0.1260361722231193
1914,0.1132168562653927
1915,0.1273503664779942
1916,0.1350126346721822
1917,0.1188345032789353
1918,0.1154017308138916
1919,0.1184276052824245
1920,0.1182173522008658
1921,0.1208170399048325
1922,0.1224775172646466
1923,0.1238425161838571
1924,0.1205841627642622
1925,0.1225527742532886
1926,0.1142469152536984
1927,0.1142797567704017
1928,0.1108464463691856
1929,0.1216780912812572
1930,0.1238608270223731
1931,0.1136097980688625
1932,0.1195966273043377
1933,0.1191215026594195
1934,0.1197944821729514
1935,0.1252355304852382
1936,0.1243243156076959
1937,0.1181111875983771
1938,0.1279820702813023
1939,0.1296504884545603
1940,0.130893623427815
1941,0.1152845004507959
1942,0.1244016994244992
1943,0.1216049967421279
1944,0.1154116496113268
1945,0.1191652929294802
1946,0.1242648273141378
1947,0.1114812586087084
1948,0.1139618167620497
1949,0.1193506117435479
1950,0.1193679593623572
1951,0.1303832294346425
1952,0.117937887872864
1953,0.1212481500539656
1954,0.1178216436235117
1955,0.1248264259506216
1956,0.1224649998652803
1957,0.1224012477172015
1958,0.1313379529286231
1959,0.1233238370632602
1960,0.1164671782344514
1961,0.1264445363291794
1962,0.1262448067544364
1963,0.124107662579762
1964,0.118468354107682
1965,0.1164195631439318
1966,0.1131568196983031
1967,0.1185715399452157
1968,0.1253158027657759
1969,0.1166438683130061
1970,0.117181135427554
1971,0.1111138002794133
1972,0.1235471372563557
1973,0.1139065874885564
1974,0.132845168397917
1975,0.1207845672998146
1976,0.1112391581806757
1977,0.1222640686660232
1978,0.1286927311788298
1979,0.1079030662552955
1980,0.1224916552018187
1981,0.1209776015587049
1982,0.1236266010395163
1983,0.123314476739725
1984,0.1227439015400773
1985,0.1346377402266064
1986,0.1254416452033563
1987,0.1276029977799996
1988,0.1191069387429944
1989,0.1153699351002921
1990,0.1125070943909306
1991,0.1226219820718144
1992,0.1179468333477304
1993,0.1272245203530223
1994,0.12307449354824
1995,0.1284125474523239
1996,0.1201507131217063
1997,0.1232237106273127
1998,0.1215141039608999
1999,0.1137711574228785
2000,0.125156735107434
2001,0.1042840782228737
2002,0.1161105507733914
2003,0.1118358691308162
2004,0.1268432823614338
2005,0.1232016461115761
2006,0.128350765460956
2007,0.1158320435791114
2008,0.1340885556667606
2009,0.1124548442169186
2010,0.1194869495822386
2011,0.1230626829983633
2012,0.1292453270915526
2013,0.1148926742709743
2014,0.1181772672430588
2015,0.1155066190778454
2016,0.1322723924370698
2017,0.1245747446258802
2018,0.1203163222971075
2019,0.1208481216177724
2020,0.1291332384048311
2021,0.1170957560902196
2022,0.1150175663515419
2023,0.129246292982311
2024,0.1239781019189847
2025,0.1259150246222665
2026,0.1175838924611878
2027,0.1184761039833649
2028,0.1208524061593108
2029,0.1184855847004787
2030,0.1268205552350598
2031,0.1184864503018069
2032,0.1160538772035804
2033,0.1194729235261975
2034,0.1240342622492002
2035,0.1269341169955665
2036,0.1230505029222381
2037,0.1263771576418446
2038,0.1185399021577239
2039,0.1227650368302396
2040,0.116736688484577
2041,0.1282798866604191
2042,0.1166631611243891
2043,0.7024542813303807
2044,0.7105352462175938
2045,0.7111562404707947
2046,0.7010000776286165
2047,0.7036065617346552
2048,0.7023180654447627
2049,0.7101272052559187
2050,0.7026325654140771
2051,0.7087957595284627
2052,0.7023406277446106
2053,0.7029355585823234
2054,0.7032059052617791
2055,0.7055279417565259
2056,0.7112783736639987
2057,0.7018400694222148
2058,0.7101338960920996
2059,0.7095073854035906
2060,0.7129762920601995
2061,0.699636096497467
2062,0.704552436797966
2063,0.7075873774498102
2064,0.6973853517172657
2065,0.7013508442163094
2066,0.7033595613491344
2067,0.7121890566876954
2068,0.6976174885109223
2069,0.702202235882654
2070,0.7096276991026279
2071,0.7116607451772874
2072,0.7013317509493042
2073,0.709821609523575
2074,0.7122645490846106
2075,0.7173211442448452
2076,0.7112326304401253
2077,0.707883275049734
2078,0.7009862848191296
2079,0.700586873786393
2080,0.7084232695608903
2081,0.7172400180391542
2082,0.7032247920805811
2083,0.7046393931674877
2084,0.7086785898645926
2085,0.7099966378956424
2086,0.7024577800123233
2087,0.698711534481889
2088,0.6920111001578232
2089,0.6971376722162351
2090,0.7062284971142176
2091,0.7110272073838534
2092,0.7108582598783952
2093,0.7053422970168355
2094,0.6980219398231742
2095,0.7016810381307482
2096,0.7054716790205052
2097,0.6970011742003396
2098,0.7064870793684194
2099,0.706437440299896
2100,0.6980788052035578
2101,0.7030701206898601
2102,0.7031599509819288
2103,0.7083293021699881
2104,0.7141800088332886
2105,0.6950329997385607
2106,0.6984811375927512
2107,0.7006381203891302
2108,0.7093094293249839
2109,0.7122268235068431
2110,0.7157035475356969
2111,0.701652318691996
2112,0.6977688109225355
2113,0.7038042662904961
2114,0.7152769958474693
2115,0.7121956230025054
2116,0.7144202610088746
2117,0.7022530640586938
2118,0.7140511719768862
2119,0.6988254445154087
2120,0.6945219798106251
2121,0.6931583128854415
2122,0.7029963582593878
2123,0.7100937265768508
2124,0.7093592015137784
2125,0.7176508206281416
2126,0.7029278149280839
2127,0.7073079821672962
2128,0.7059622119152922
2129,0.7040792602655276
2130,0.7078543858233097
2131,0.7223075169457256
2132,0.6981494652626415
2133,0.7010759062490016
2134,0.7047231992631195
2135,0.7199074900678408
2136,0.6994401396538317
2137,0.7009985405573831
2138,0.6988710293759093
2139,0.7114829487781917
2140,0.7095629179405054
2141,0.7070983751486979
2142,0.692626646815514
2143,0.6990273701794537
2144,0.7192198646506486
2145,0.7110816750609072
2146,0.7060150034652726
2147,0.712331342051802
2148,0.7060129453705862
2149,0.706791620681718
2150,0.7122461357124608
2151,0.7011223651271097
2152,0.7097861849868766
2153,0.7034199979711432
2154,0.7142644830202631
2155,0.6940625356040381
2156,0.7036258921072047
2157,0.7067166466429016
2158,0.698241104635351
2159,0.7058624068770852
2160,0.7229858434752859
2161,0.7038778699369543
2162,0.6975824281085601
2163,0.7030639607027886
2164,0.6991495839173251
2165,0.7047972233618048
2166,0.6959500147136163
2167,0.7077662475202244
2168,0.7007531904508445
2169,0.702488144190114
2170,0.7047967265983356
2171,0.7047101269479691
2172,0.7035088085348117
2173,0.712752363748269
2174,0.7073368762483181
2175,0.7153316995201673
2176,0.7090627731955286
2177,0.6991310853738236
2178,0.7028752182414129
2179,0.6945186015896185
2180,0.7041136073390937
2181,0.6946207829621543
2182,0.7106018043894824
2183,0.7013992108020156
2184,0.7133422497871518
2185,0.6987728786676217
2186,0.7111316590701113
2187,0.7010825437873712
2188,0.7013085216156929
2189,0.713329509494718
2190,0.7151446552845337
2191,0.7051578663777276
2192,0.7070507683043449
2193,0.7064357135626055
2194,0.717839465904805
2195,0.6991053139495403
2196,0.7047301281189386
2197,0.695627594147518
2198,0.7052565641015285
2199,0.6900474483591549
2200,0.7067654187385444
2201,0.7072074935834914
2202,0.7093835976880201
2203,0.7094603039185315
2204,0.7011111312403108
2205,0.7024168778057742
2206,0.699717029906112
2207,0.7011942332371193
2208,0.7073557116249524
2209,0.7047502967884496
2210,0.7076213128265357
2211,0.7052827021253069
2212,0.7040372744854378
2213,0.7166998120611766
2214,0.7106213604394123
2215,0.7097370530561761
2216,0.7066978785523905
2217,0.7044625109942297
2218,0.6992161894258458
2219,0.710777727712966
2220,0.3350316708125777
2221,0.3242705335416952
2222,0.3302763730475754
2223,0.3240773859960691
2224,0.3283778787881757
2225,0.3257224187981322
2226,0.3309446220934327
2227,0.3264931743324524
2228,0.3227981598141061
2229,0.3396321569559006
2230,0.3256551560152415
2231,0.3401456100512282
2232,0.3202785965213158
2233,0.3266531547430791
2234,0.321721527157923
2235,0.3271624489936494
2236,0.3307587178552383
2237,0.3199300969784185
2238,0.3266552872013024
2239,0.3361307263040559
2240,0.327317271308432
2241,0.339854706301085
2242,0.3325423093680578
2243,0.327524455914475
2244,0.3219706738653929
2245,0.3309924849833748
2246,0.3349811316851129
2247,0.3247047399712544
2248,0.3277973971091465
2249,0.329382114381534
2250,0.337131999614272
2251,0.3375035311807173
2252,0.3330996841334826
2253,0.329628102502072
2254,0.330765961964684
2255,0.3294689359436
2256,0.3304074233695132
2257,0.3358327072791859
2258,0.3246666271609949
2259,0.3157826528484592
2260,0.3365717023366257
2261,0.31504681070713
2262,0.3215384643227573
2263,0.3313243967627154
2264,0.3260639756196498
2265,0.3374356818222651
2266,0.3229963745716727
2267,0.3262917690048568
2268,0.3267061773652942
2269,0.3290262441974527
2270,0.3355825028063098
2271,0.3349723679620001
2272,0.3272254360839797
2273,0.3367756763585599
2274,0.3378271146777424
2275,0.334795630942466
2276,0.3250263009839887
2277,0.3321963208605686
2278,0.3354924334762901
2279,0.330381523517306
2280,0.3300993965238188
2281,0.3322531213130337
2282,0.3373271218350985
2283,0.3306439403225383
2284,0.3402414976946823
2285,0.3274067901427316
2286,0.3247178697705421
2287,0.3257532099317379
2288,0.3288550771695656
2289,0.3310191746614915
2290,0.3327288966606177
2291,0.3253534805705086
2292,0.3308478946348068
2293,0.3302482969126069
2294,0.3161298756396608
2295,0.3283166590656904
2296,0.3335491652042401
2297,0.3308143057333821
2298,0.3248328880670312
2299,0.3286256026108198
2300,0.3310397451247755
2301,0.339566771628281
2302,0.3425834240412184
2303,0.3305202020291909
2304,0.3310251089744329
2305,0.3259808091683702
2306,0.3294472108545929
2307,0.3326588034128243
2308,0.3320178181689267
2309,0.3388974955450897
2310,0.3282658279759219
2311,0.3249763515857928
2312,0.3371913572502242
2313,0.3300908597330389
2314,0.3368003738247769
2315,0.3317735579987464
2316,0.3341832474643537
2317,0.3365196986507301
2318,0.3441598681197894
2319,0.3234197282167919
2320,0.3328489871893542
2321,0.3263477503299726
2322,0.3370744006697781
2323,0.341719071009585
2324,0.330469469466533
2325,0.3370389585700873
2326,0.3247627957662656
2327,0.3304333103248171
2328,0.3348117688149351
2329,0.3235136967863747
2330,0.3214243254185864
2331,0.3307093586291372
2332,0.3337480748392433
2333,0.3294841573557396
2334,0.3294373506850943
2335,0.3416889631400432
2336,0.3382322788926676
2337,0.3290986967444531
2338,0.3286068031648514
2339,0.328111776677662
2340,0.3278192612004547
2341,0.3351977514922118
2342,0.327597397570815
2343,0.3159491969875602
2344,0.3236941372815882
2345,0.3206366801635353
2346,0.3394375089169291
2347,0.3318171881776636
2348,0.3325477447589596
2349,0.3280462365257844
2350,0.3351934942736426
2351,0.3277531795803384
2352,0.3429611071468582
2353,0.3281919729129821
2354,0.3365872371769821
2355,0.3376641123807832
2356,0.3280920564838594
2357,0.3415029950635354
2358,0.3359126632673472
2359,0.3316138270880598
2360,0.3267379541937426
2361,0.3369646120557565
2362,0.3321219627289691
2363,0.3307007502428101
2364,0.3187391244129374
2365,0.3341574755441833
2366,0.3328367093787823
2367,0.3301323893161862
2368,0.3256788855618983
2369,-0.8139052417664914
2370,-0.8220576196594129
2371,-0.8172261117936047
2372,-0.8028636061180464
2373,-0.8124858368547225
2374,-0.8150694153159644
2375,-0.8188473986328707
2376,-0.809856726887409
2377,-0.8102940938190831
2378,-0.8115492050424588
2379,-0.8174486263557044
2380,-0.815837721631889
2381,-0.8100417183026924
2382,-0.7999366116128691
2383,-0.8182375869761953
2384,-0.8094708798909775
2385,-0.8081758586038905
2386,-0.8110277532818719
2387,-0.8152465421504617
2388,-0.816651514331195
2389,-0.8097285046522417
2390,-0.8004904374933317
2391,-0.8101892562712006
2392,-0.8114589181867901
2393,-0.8172073491841018
2394,-0.809717164554886
2395,-0.8035741324838601
2396,-0.8149985250624856
2397,-0.8123439019382731
2398,-0.8180867835259651
2399,-0.8092881488865482
2400,-0.8099541191599502
2401,-0.8084651727193982
2402,-0.8134431318985325
2403,-0.8109959540278842
2404,-0.8145303045081065
2405,-0.812700268875429
2406,-0.8096134342017276
2407,-0.8153627456948422
2408,-0.8178907721971834
2409,-0.8102472911072542
2410,-0.8014629208753112
2411,-0.8207788304867778
2412,-0.8016955917738737
2413,-0.8118953077871869
2414,-0.8095699585507437
2415,-0.7986865227870804
2416,-0.8149520890457386
2417,-0.8169732204501273
2418,-0.8135466494706546
2419,-0.806939712592588
2420,-0.8162881638027115
2421,-0.8090360137314981
2422,-0.8107154878765883
2423,-0.8090464338634733
2424,-0.8134089354080732
2425,-0.8014790996415965
2426,-0.8086271249993241
2427,-0.8136114854976999
2428,-0.8232691226404393
2429,-0.8031712915256547
2430,-0.8090683456623401
2431,-0.812666433887672
2432,-0.8192671447203209
2433,-0.8126393087767017
2434,-0.806055725759734
2435,-0.805476516276527
2436,-0.8082237041437245
2437,-0.8130520834512666
2438,-0.8006263150781461
2439,-0.8120477311396285
2440,-0.8038430927282614
2441,-0.8274053256882943
2442,-0.8084081155662576
2443,-0.802122565402807
2444,-0.8050489882427369
2445,-0.8234672320465607
2446,-0.8121692016829692
2447,-0.8168690854027338
2448,-0.8138595019668199
2449,-0.8297156709312593
2450,-0.8084053694128621
2451,-0.8176849000106853
2452,-0.8148915843578641
2453,-0.7956787312543625
2454,-0.8182097035691879
2455,-0.8078600522247403
2456,-0.8017813426560927
2457,-0.8102825805698356
2458,-0.8112858930550564
2459,-0.8074156627611074
2460,-0.8190774632276215
2461,-0.8143091320824171
2462,-0.8055896917016553
2463,-0.8178267314354138
2464,-0.8150564275668014
2465,-0.8007371743076398
2466,-0.814780278716707
2467,-0.8149627199751798
2468,-0.8209003704493807
2469,-0.8188340102563174
2470,-0.8026994683805128
2471,-0.818967763049681
2472,-0.8171263667675405
2473,-0.7997303558033946
2474,-0.8103603188303785
2475,-0.8176142251344952
2476,-0.8166852375770005
2477,-0.8002447959567581
2478,-0.802617332353038
2479,-0.800856092061733
2480,-0.8040169452824726
2481,-0.8136352952211208
2482,-0.8137770230378961
2483,-0.8132386708530971
2484,-0.8171444566576082
2485,-0.817068508312328
2486,-0.7986202513099585
2487,-0.203549513160458
2488,-0.2008889118001248
2489,-0.2021233482402085
2490,-0.1983865323424244
2491,-0.200792317954154
2492,-0.2063301347556152
2493,-0.2090362283299046
2494,-0.1988993868746559
2495,-0.2033170091662018
2496,-0.2015618297101267
2497,-0.2015398192800483
2498,-0.2031594769200071
2499,-0.207075940799726
2500,-0.207033141666185
2501,-0.2020398313870126
2502,-0.2062017449213697
2503,-0.2154091948781385
2504,-0.1919226121131668
2505,-0.2038575495405487
2506,-0.2025362751133055
2507,-0.2007436987090862
2508,-0.1978644993160564
2509,-0.2002398807635695
2510,-0.2042909031888186
2511,-0.213724141838825
2512,-0.2052472851515167
2513,-0.2034940149714743
2514,-0.1953206666064025
2515,-0.202323631482265
2516,-0.2167758396022795
2517,-0.2017014458652328
2518,-0.2111670405243614
2519,-0.2010039146419069
2520,-0.2154556365081925
2521,-0.2022309915670736
2522,-0.1986611432031717
2523,-0.2026674837424785
2524,-0.2047539990589801
2525,-0.1949313241444753
2526,-0.2172557237058073
2527,-0.1875477070239002
2528,-0.2106785535001789
2529,-0.196144659343958
2530,-0.2073825975570909
2531,-0.2009762708893386
2532,-0.205788796630046
2533,-0.2078965740154478
2534,-0.2075609982285954
2535,-0.1972168930558484
2536,-0.2033283156752309
2537,-0.2032536903570893
2538,-0.203816340697634
2539,-0.1968246167430909
2540,-0.2022058123129697
2541,-0.2051311958411544
2542,-0.212422484890239
2543,-0.2086915267006217
2544,-0.208290426328025
2545,-0.2040439850832238
2546,-0.2059930756080715
2547,-0.1977368905762646
2548,-0.2038513587137903
2549,-0.2077189295927422
2550,-0.1972959202351601
2551,-0.2038508154528009
2552,-0.2042582067328731
2553,-0.19552912186673
2554,-0.1998344169304115
2555,-0.1990090783094836
2556,-0.2024021688691853
2557,-0.2049317414875518
2558,-0.2050669985248441
2559,-0.2117836847170429
2560,-0.2010965118287583
2561,-0.1992583381222994
2562,-0.2099957406740085
2563,-0.2092983301828073
2564,-0.1992295058101235
2565,-0.1912548336045647
2566,-0.2040384751374416
2567,-0.1973292921250229
2568,-0.2045253060953185
2569,-0.201293683629249
2570,-0.1970792677782668
2571,-0.2015097569039515
2572,-0.2043235550733881
2573,-0.2123755871752724
2574,-0.2037166126478427
2575,-0.2070921127759672
2576,-0.2111343111723289
2577,-0.197626993956333
2578,-0.2006806903732148
2579,-0.1985032307027589
2580,-0.1900760312360077
2581,-0.215113020505544
2582,-0.2090200527277213
2583,-0.2062506228410858
2584,-0.206375126094965
2585,-0.2001791110081595
2586,-0.2170400888163556
2587,-0.2031889443165902
2588,-0.1888487757478696
2589,-0.2057973747814268
2590,-0.2125091747425166
2591,-0.1995365616484793
2592,-0.1968949860886664
2593,-0.2001303200093593
2594,-0.2076873434455353
2595,-0.2000599265334893
2596,-0.2014074423187838
2597,-0.2024516763000413
2598,-0.2005494880584993
2599,-0.2132311877265622
2600,-0.2089070504538684
2601,-0.1932302131618282
2602,-0.2046217940255623
2603,-0.2133856286954045
2604,-0.1979079411966464
2605,-0.1975705902710663
2606,-0.1983189214022327
2607,-0.2185477960271526
2608,-0.2038665682114893
2609,-0.2083317667654683
2610,-0.1974077841154841
2611,-0.2038454582696388
2612,-0.2059917823548625
2613,-0.2069184068028708
2614,-0.1952712545104253
2615,-0.203473840663393
2616,-0.2020543790915642
2617,-0.1929779771399749
2618,-0.204834431314392
2619,-0.2040473210427655
2620,-0.2058506366021285
2621,-0.1985769768380668
2622,-0.2052339977943457
2623,-0.2043910066038198
2624,-0.2067249635699774
2625,-0.192472254349737
2626,-0.1949430388155896
2627,-0.1977152005750962
2628,-0.2045495884968079
2629,-0.1964291566765496
2630,-0.2049132979933049
2631,-0.2044378538170907
2632,-0.1988448251707109
2633,-0.2000494847936807
2634,-0.1982971712100694
2635,-0.208798527008797
2636,-0.2104464121465957
2637,-0.2014771333819076
2638,-0.2105629939351149
2639,-0.2119061662431573
2640,-0.2019248602308325
2641,-0.2105971868057652
2642,-0.2009140465849659
2643,-0.2070737057747596
2644,-0.2087285359264148
2645,-0.1925132863708671
2646,-0.2134845471290575
2647,-0.2080849001298683
2648,-0.2052907266664885
2649,-0.2084592052185117
2650,-0.2049337133140814
2651,-0.2124934712932223
2652,-0.2069809404470284
2653,-0.1892760558059801
2654,-0.2024959665366167
2655,-0.2011768735511393
2656,-0.2112907380625867
2657,-0.2161196624730358
2658,-0.2151482145263162
2659,-0.1989332159659906
2660,-0.2110307663603901
2661,-0.1986712832744048
2662,-0.1907469109169031
2663,-0.204735180464566
2664,-0.2139109418368228
2665,-0.2003510181904485
2666,-0.1993864673028796
2667,-0.2034012044483856
2668,-0.2015743225525348
2669,-0.2169487824209705
2670,-0.2022684469229983
2671,-0.2161457831932001
2672,-0.2009295574748524
2673,-0.206571834250461
2674,-0.1922163299924161
2675,-0.2070715589893757
2676,-0.200338962149353
2677,-0.2100398361807013
2678,-0.2111128060300884
2679,-0.2009423557416535
2680,-0.2038426919576904
2681,-0.2229355512353375
2682,-0.2045675422862991
2683,-0.1983836457086937
2684,-0.1930611765613525
2685,-0.2091090510657113
2686,-0.2104327798831914
2687,0.1800069583418007
2688,0.1768718983576052
2689,0.1843705953219752
2690,0.188204713542531
2691,0.1873825699579152
2692,0.1781747589380017
2693,0.1815160020887424
2694,0.1762820828381728
2695,0.1880012539725819
2696,0.1799370704132576
2697,0.1869199987741875
2698,0.181528167550546
2699,0.1837871058586882
2700,0.1841719352745277
2701,0.1799615664556404
2702,0.192016176225647
2703,0.1786604710666767
2704,0.1815059535924104
2705,0.1819089702427665
2706,0.174379538497596
2707,0.1838712522518127
2708,0.18418813068655
2709,0.1761730237888459
2710,0.1868309967478591
2711,0.1877119297208554
2712,0.1833715279418798
2713,0.1808854995470544
2714,0.182035687399834
2715,0.1755313817593633
2716,0.1838961515292759
2717,0.1757722057951025
2718,0.1747667197674399
2719,0.178374975223299
2720,0.1789056069909855
2721,0.1859166250139202
2722,0.1820612899439168
2723,0.1766299644321501
2724,0.1897559091018671
2725,0.1863863932154326
2726,0.1939210356138121
2727,0.1820618655060404
2728,0.1808069024919878
2729,0.1881047250246022
2730,0.1790799435660009
2731,0.1796409073504925
2732,0.1893198214973462
2733,0.1806159389313303
2734,0.1935958067208311
2735,0.1742327627498244
2736,0.1772080790723609
2737,0.1770428480064443
2738,0.1790693187073991
2739,0.1854641239812469
2740,0.1703860756715906
2741,0.1706219178348197
2742,0.1830749829108762
2743,0.1769672684249216
2744,0.1688115801800358
2745,0.1816865750244696
2746,0.1895475344728997
2747,0.1896933129647364
2748,0.1828172717896521
2749,0.1824439870498966
2750,0.1802507912167708
2751,0.1755371113387125
2752,0.177176096041544
2753,0.188037052331081
2754,0.1864389732378546
2755,0.1815181302345221
2756,0.1929596397674217
2757,0.1798695418107998
2758,0.1835783821598246
2759,0.1762575869788391
2760,0.1852961666445391
2761,0.1869337878670328
2762,0.1769783426351646
2763,0.1853444933418352
2764,0.1902699033539132
2765,0.1775274027507345
2766,0.1705835773052148
2767,0.1901770824600017
2768,0.1847476985512889
2769,0.1770970679431164
2770,0.1778282619359045
2771,0.1722536433918382
2772,0.1819003243171975
2773,0.174792496598879
2774,0.1805790441175881
2775,0.1778413789043949
2776,0.1802201467004677
2777,0.1823419622525304
2778,0.1803437410943018
2779,0.1851695728758109
2780,0.1904906209888113
2781,0.1805110381667406
2782,0.1840759505017125
2783,0.1814511129925854
2784,0.1825846113622001
2785,0.172202294916694
2786,0.1808328928876607
2787,0.1732134840400846
2788,0.1835609081203857
2789,0.1722272950058157
2790,0.1855764493219253
2791,0.180119590744639
2792,0.1849406008024198
2793,0.1780782595771483
2794,0.1903726549283816
2795,0.1812246970917974
2796,0.1813340746315425
2797,0.1785628286497619
2798,0.1871534154049538
2799,0.1788554875058784
2800,0.1859193706783683
2801,0.1844649809045334
2802,0.1868388640689076
2803,0.1817127248151519
2804,0.1769935054424329
2805,0.1805213339661062
2806,0.1892539583634428
2807,0.1757609997648076
2808,0.1727667017127234
2809,0.1933651819526962
2810,0.1855886179811174
2811,0.1842295582066556
2812,0.1838147967546958
2813,0.1740957423148653
2814,0.181028004969762
2815,0.1715295022974755
2816,0.1779313384042611
2817,0.1813049612539752
2818,0.198743631787713
2819,0.1760055673989394
2820,0.1793722114198563
2821,0.1860411580747995
2822,0.1887327859357445
2823,0.1873852407662265
2824,0.1767011305228127
2825,0.1760157783315799
2826,0.1885610042972312
2827,0.1802534650110943
2828,0.1843178211889769
2829,0.1715643050550468
2830,0.1913593294161943
2831,0.1742690200320529
2832,0.1694431113963521
2833,0.181432789056801
2834,0.1851931555976774
2835,0.1710414716970157
2836,0.1758180399284235
2837,0.1865661787124301
2838,0.1818621241256788
2839,0.1833290033435055
2840,0.1919553504652616
2841,0.1808642964682227
2842,0.1863808077371984
2843,0.1799091512775127
2844,0.1957807188769684
2845,0.1836320417888222
2846,0.1822190949620635
2847,0.1837478430015631
2848,0.1804400278504757
2849,0.1878505786958104
2850,0.1801114246503351
2851,0.189119723867019
2852,0.1914342635867922
2853,0.1939131306838332
2854,0.1916068955269567
2855,0.1853186255931783
2856,0.1933246535650742
2857,0.1754124748388226
2858,0.1859374240463719
2859,0.1706287210126947
2860,0.1787222648317849
2861,0.1831792070421893
2862,0.1756950696648097
2863,0.1850178275741976
2864,0.1834552830952158
2865,0.1820992035597786
2866,0.1801544539195885
2867,0.1825386899659952
2868,0.1765323154928806
2869,0.1791018915089938
2870,0.1796721672832435
2871,0.1954413737664941
2872,0.180741816084088
2873,0.1804693599480515
2874,0.1722388399351412
2875,0.1849933848965574
2876,0.728391152576221
2877,0.7262002719876489
2878,0.7305446103407601
2879,0.714484581266381
2880,0.7242078768686904
2881,0.7208009899363048
2882,0.7410865477635954
2883,0.71581720046605
2884,0.7370013689141821
2885,0.7233417675760866
2886,0.736488803550811
2887,0.7313037247627093
2888,0.7370567593021261
2889,0.7268274857032864
2890,0.7360171984418966
2891,0.7274697891445895
2892,0.738667377918865
2893,0.7378640379279044
2894,0.7321415872204023
2895,0.7412147097138679
2896,0.7251966450791668
2897,0.7229325762625592
2898,0.7270595291975896
2899,0.7322598558468904
2900,0.7313151007658034
2901,0.7305568442095429
2902,0.7269290232699444
2903,0.7379277252147152
2904,0.7358895971327618
2905,0.732005569033666
2906,0.7267854065614932
2907,0.7326659305140821
2908,0.7305175698821837
2909,0.7381506361797664
2910,0.7410035871204581
2911,0.7338467496518015
2912,0.7264099596368265
2913,0.7293715844987312
2914,0.728864978262617
2915,0.7288411417282449
2916,0.741111898417275
2917,0.7210146523370475
2918,0.7306073594328917
2919,0.7305044197344633
2920,0.7273089679501984
2921,0.7272254132022381
2922,0.7249806878041631
2923,0.7342492169003746
2924,0.7380760006290069
2925,0.7236699156514207
2926,0.7290050581984939
2927,0.7241186384849957
2928,0.7251555134533195
2929,0.7268845350957731
2930,0.734602765061508
2931,0.729099633661387
2932,0.7172290639162242
2933,0.7365965199796383
2934,0.7244260484169615
2935,0.7254921171630491
2936,0.7350850567765823
2937,0.7227015414035132
2938,0.7307207873540976
2939,0.7357307646672415
2940,0.7182326291569786
2941,0.7249133381398483
2942,0.716546036146409
2943,0.7318194300980737
2944,0.7231963612985468
2945,0.7167278718883119
2946,0.7374190038603348
2947,0.7291170531561144
2948,0.7328068200903733
2949,0.7198588539034905
2950,0.7154627873215088
2951,0.7233415313476268
2952,0.7276716080367619
2953,0.7231098291491719
2954,0.7282821432074214
2955,0.7316947467720083
2956,0.7210580753492563
2957,0.7265290675342946
2958,0.7290726855641724
2959,0.7256847458926048
2960,0.7202469899463839
2961,0.7271665842957833
2962,0.737728166618508
2963,0.7376601259534633
2964,0.7266194362154613
2965,0.727749665903317
2966,0.7239259853050798
2967,0.7275342863798667
2968,0.7222722509316438
2969,0.7287820189875843
2970,0.7254408475406168
2971,0.7249512581035666
2972,0.7275073281459719
2973,0.7412653358155477
2974,0.7276229582276403
2975,0.7267345156497073
2976,0.7208938516957791
2977,0.7317117957496156
2978,0.7159163154742717
2979,0.7318815730061571
2980,0.7380812880191953
2981,0.7337000571009362
2982,0.7309891352356421
2983,0.7153043514825015
2984,0.7337183654081927
2985,0.7310105200799685
2986,0.7183924021226503
2987,0.7312326016368751
2988,0.7247236287923409
2989,0.714136816749986
2990,0.7267818434794526
2991,0.7229500816381959
2992,0.7337937052131988
2993,0.7314175455541398
2994,0.7314028401831264
2995,0.7294207608954388
2996,0.7348835726614601
2997,0.7289407663072526
2998,0.7318894238432243
2999,0.7338561845492884
3000,0.740255998209765
3001,0.7312713562423202
3002,0.7283750471731107
3003,0.7260853261286188
3004,0.730095178164754
3005,0.7411297672024119
3006,0.7215626826686834
3007,0.72567509185153
3008,0.7279986088352172
3009,0.7246784836444287
3010,0.7344316874233205
3011,0.7289003715595314
3012,0.7302407129934875
3013,0.7330794580071164
3014,0.7297513136614113
3015,0.7160787439682857
3016,0.7246338839320947
3017,-0.4765192731953488
3018,-0.4744558657912134
3019,-0.4910192720996947
3020,-0.4756593876920675
3021,-0.4856138839446048
3022,-0.4894849982704021
3023,-0.4806394900628614
3024,-0.4742672813121254
3025,-0.4878115812839696
3026,-0.4715213411279624
3027,-0.4759988005423362
3028,-0.4929977175226463
3029,-0.4704212615576548
3030,-0.4741593868997466
3031,-0.4767436383212827
3032,-0.4733786646720495
3033,-0.4897477783344474
3034,-0.4806371110107818
3035,-0.4736950303429164
3036,-0.4918556698712242
3037,-0.483813391939206
3038,-0.4693050989090769
3039,-0.4726824537730686
3040,-0.484873080206758
3041,-0.4841629381108899
3042,-0.4830145744541314
3043,-0.4717775728277607
3044,-0.4853291265077498
3045,-0.4778464302366211
3046,-0.4781803683203971
3047,-0.4837637064086139
3048,-0.4739890459684096
3049,-0.4800697430677518
3050,-0.4778470245074633
3051,-0.469871749544897
3052,-0.4735081582297251
3053,-0.4765777337777789
3054,-0.4815887835772893
3055,-0.4778608131623625
3056,-0.4725595981052653
3057,-0.4839794823163836
3058,-0.4766143552127818
3059,-0.47861577594777
3060,-0.4775212567073328
3061,-0.4778822547122517
3062,-0.4851290153904887
3063,-0.4829649067170771
3064,-0.4848975287900398
3065,-0.4732451164215289
3066,-0.4790778594713224
3067,-0.4802318635034723
3068,-0.4926754384619714
3069,-0.4811494385824338
3070,-0.4736254433309317
3071,-0.46798493067213
3072,-0.4820896477688183
3073,-0.4912187414842606
3074,-0.4784596804646118
3075,-0.4763545855786941
3076,-0.4810762764348605
3077,-0.4763695929259954
3078,-0.4838731955247471
3079,-0.4808899461630398
3080,-0.4761464412280589
3081,-0.4896022393737115
3082,-0.4786788004650559
3083,-0.484854859906023
3084,-0.4914126829427089
3085,-0.4809853024522967
3086,-0.4894443884520932
3087,-0.4829056610917954
3088,-0.4887544918042372
3089,-0.4820174940128304
3090,-0.4822389799327707
3091,1.0654164542752145
3092,1.0577655136793942
3093,1.071504226516642
3094,1.0780389183182737
3095,1.0605503808384311
3096,1.057405234380821
3097,1.0651612902064151
3098,1.0628158984508154
3099,1.0600302880003671
3100,1.0578042525775035
3101,1.0542104529194043
3102,1.0542697240478542
3103,1.0545887458042171
3104,1.0511265701581662
3105,1.0607675121462017
3106,1.062289906488634
3107,1.0645801715745944
3108,1.0627982192820689
3109,1.0640506962712135
3110,1.0539096758267628
3111,1.0490139487872163
3112,1.0618374514411142
3113,1.0578890685426423
3114,1.072313950497363
3115,1.0661455764556704
3116,1.057306931514964
3117,1.065603763764603
3118,1.057680894797029
3119,1.0541908930649777
3120,1.0713121843683215
3121,1.065669283359453
3122,1.052014573724859
3123,1.060008356116069
3124,1.0634126147157104
3125,1.057637289993972
3126,1.0467663980424595
3127,1.0592531347854253
3128,1.052384818330798
3129,1.0574040071316737
3130,1.053678314515028
3131,1.0695086288261837
3132,1.0633604438099704
3133,1.059640241645849
3134,1.061662980730152
3135,1.0463089670546153
3136,1.0616533568331026
3137,1.0559499115843345
3138,1.066488427976682
3139,1.0592723126982186
3140,1.0548314808186272
3141,1.063577582951699
3142,1.060886905320071
3143,1.055521766356834
3144,1.054908488889894
3145,1.0595946877773192
3146,1.0551743096518715
3147,1.0470083917132929
3148,1.053100088040308
3149,1.0614296631272984
3150,1.0417431563799056
3151,1.0601725894521747
3152,1.0531040773716491
3153,1.0455584645199565
3154,1.066001134843912
3155,1.055985979006726
3156,1.061701858633309
3157,1.052282236290391
3158,1.0558028723258437
3159,1.0626115465842436
3160,1.0488377382964469
3161,1.0583505942993603
3162,1.069343362817431
3163,1.061587143109568
3164,1.0564877531883323
3165,1.0653472830535589
3166,1.0521573694843307
3167,1.0585977684876258
3168,1.0554947947266238
3169,1.0549477668431937
3170,1.0558259404718715
3171,1.0523138333367177
3172,1.0558134442693263
3173,1.0472049755157846
3174,1.0558360506471491
3175,1.058318205747138
3176,1.0625568904450289
3177,1.0612537454417263
3178,1.041022212406861
3179,1.0604891482287897
3180,1.0612759713604405
3181,1.0721371903960424
3182,1.0622112189516344
3183,1.0475013151779025
3184,1.062096099346865
3185,1.0548438685379649
3186,1.0533643198037368
3187,1.0517482937620444
3188,1.0546868415728547
3189,1.0570983397750917
3190,1.059668419938608
3191,1.063160159870414
3192,1.0618220302164534
3193,1.056392295248139
3194,1.0577101763581922
3195,1.061959339138939
3196,1.0437181500781505
3197,1.0634672272456749
3198,1.0624615405946471
3199,1.0502636797674052
3200,1.0598634427564095
3201,1.0625427456819567
3202,1.0649988033087494
3203,1.058632502506191
3204,1.0668267118835582
3205,1.0620334302729406
3206,1.0460513446610094
3207,1.0547743311138866
3208,1.0705737915955251
3209,1.061830315379835
3210,1.0528638499996057
3211,1.0627203422918992
3212,1.0528045965937
3213,1.0512826455994635
3214,1.0563355713085385
3215,1.058078253325646
3216,1.0782658820711104
3217,1.0656168625824236
3218,1.0520050944032542
3219,1.0576576290203643
3220,1.0635403077586525
3221,1.0687647896180903
3222,1.0513460263881156
3223,1.0566789409175508
3224,1.0673612257588585
3225,1.0692174302157
3226,1.0595001710558156
3227,1.0593870762558126
3228,1.0611388102804762
3229,1.0676822391031524
3230,1.0659800725779596
3231,1.0565713735351745
3232,1.0620114739475806
3233,1.0607806297043645
3234,1.058895430101697
3235,1.0637503079166095
3236,1.06443141706946
3237,1.0558318378018423
3238,1.0527549103724203
3239,1.057028570969204
3240,1.0591708036187868
3241,1.0532931363910256
3242,1.0593034283413387
3243,1.0614950996435084
3244,1.0561665691747455
3245,1.0659289340131195
3246,1.0683472096353412
3247,1.0572759727935697
3248,1.059172662917194
3249,1.0525260550286268
3250,1.0673710428782388
3251,1.0531931931460718
3252,1.0564446022754372
3253,1.061021787798894
3254,1.0590558473045593
3255,1.0708384179102783
3256,1.0578753071060818
3257,1.0723914368840215
3258,1.0570539915130814
3259,1.0477717154741295
3260,1.0692626864068642
3261,1.0499691426421398
3262,1.0579059451142916
3263,1.0611276133707397
3264,1.0527984333442026
3265,1.0573306086820853
3266,1.059270824908661
3267,1.061874250226874
3268,1.0559469201046208
3269,1.0671056185274483
3270,1.050090771211723
3271,1.053392163662916
3272,1.0595791382183262
3273,1.0539626244058091
3274,1.0568009948841413
3275,1.0454011518800554
3276,1.0534935885605556
3277,1.054597245584973
3278,1.0524060367164512
3279,1.0656477839328615
3280,1.065625321886974
3281,1.0628124167750086
3282,1.0678915319817268
3283,1.0471074808460925
3284,1.056863106782388
3285,1.054972195753387
3286,1.0564104281313773
3287,1.0522331381649084
3288,1.0677873315459367
3289,1.0492498672441577
3290,1.0563407024666691
3291,0.7523232663205932
3292,0.7484948507327257
3293,0.7493609502855737
3294,0.7514816314559001
3295,0.7539150442338655
3296,0.7633576807614844
3297,0.7521360522309214
3298,0.7486537528560526
3299,0.7592774398579596
3300,0.7609814150861856
3301,0.7602015144689828
3302,0.7626395211767663
3303,0.7447375681141929
3304,0.752071900321762
3305,0.7536869632046528
3306,0.7588126513008182
3307,0.7577595515227605
3308,0.7448996604375747
3309,0.7497657591037239
3310,0.7544688998785032
3311,0.7508737755988918
3312,0.7565043866304071
3313,0.7507447623330129
3314,0.7533281998451694
3315,0.7468166028308527
3316,0.7418686251986187
3317,0.7497471788748692
3318,0.7612061984223522
3319,0.7580719679403672
3320,0.7546895687928102
3321,0.7550494602873582
3322,0.7516559757329715
3323,0.7512527254792283
3324,0.7613213933754779
3325,0.7566503877918646
3326,0.7533728393983729
3327,0.7421751120820306
3328,0.7416216403831867
3329,0.7515611300160436
3330,0.757533631230153
3331,0.7480292901455826
3332,0.7527087481012946
3333,0.749370815231366
3334,0.7552450350149081
3335,0.753054322854482
3336,0.7472948891908515
3337,0.7495248192276589
3338,0.7472289428385711
3339,0.7532238941513523
3340,0.7564679215169946
3341,0.7546457152792009
3342,0.746416962430489
3343,0.7534119887496711
3344,0.7590789140377008
3345,0.7555887996093333
3346,0.7436062909597915
3347,0.766515809442952
3348,0.7630161932769234
3349,0.7477213536730066
3350,0.7467067668418923
3351,0.745059918709726
3352,0.7555045401412186
3353,0.75154015851284
3354,0.7580358786266705
3355,0.7551670242397927
3356,0.7644287700267545
3357,0.7516713373372499
3358,0.7527091810893672
3359,0.7500599643292826
3360,0.7556211589504426
3361,0.7492831713570166
3362,0.75396884055271
3363,0.7447327771967229
3364,0.7399038820247914
3365,0.7581850564254217
3366,0.7572212376806423
3367,0.7534292612964066
3368,0.7475944783249124
3369,0.7522848237822867
3370,0.7526275800800858
3371,0.7592162801316151
3372,0.7483647298146107
3373,0.7542024245041253
3374,0.7653812326691276
3375,0.749925701245452
3376,0.7446750685467243
3377,0.7447088213762934
3378,0.7593088248511534
3379,0.746098770095157
3380,0.7526405787918464
3381,0.7542780763209849
3382,0.7528126964901802
3383,0.7496246210602826
3384,0.7454444183147368
3385,0.7506786592540967
3386,0.7507733503816731
3387,0.75559458804155
3388,0.7624318242900251
3389,0.7671795134416536
3390,0.7531140443964085
3391,0.7554590872504993
3392,0.7601177331642541
3393,0.7566160938258405
3394,0.7661721061127299
3395,0.7494545411880587
3396,0.7554414083002311
3397,0.751088595179149
3398,0.7530108428518859
3399,0.7556617530230001
3400,0.7497700312140344
3401,0.755740492872198
3402,0.7481389858955153
3403,0.7496914653245618
3404,0.7619502102706921
3405,0.7501828891147003
3406,0.7534237756324313
3407,0.7483063413585772
3408,0.76283363691409
3409,0.741693546187184
3410,0.7596691260291419
3411,0.7533241549754746
3412,0.7476005521699762
3413,0.7535892278456976
3414,0.7538541696778039
3415,0.7533229878583051
3416,0.7581959368469275
3417,0.7595076817515046
3418,0.7489749074867803
3419,0.7493073169962983
3420,0.7371406551515901
3421,0.7507044684393653
3422,0.755314327042103
3423,0.7447470731389824
3424,0.7578340510539421
3425,0.7600644712932545
3426,0.7517156571215061
3427,0.7569728286796612
3428,0.753152846996195
3429,0.7513572502206884
3430,0.7504659878081368
3431,0.7589299559416737
3432,0.7478842521185937
3433,0.7535358620141162
3434,0.7446413167582527
3435,0.7530460345527104
3436,0.7502451145616524
3437,0.756016901202338
3438,0.7497248070886102
3439,0.7433044951695041
3440,0.7444582697689508
3441,0.7572431178419295
3442,0.753676411958431
3443,0.7517061382256894
3444,0.7427846869925122
3445,0.752976914118238
3446,0.7483630186197202
3447,0.7452376037409066
3448,0.7545274260472772
3449,0.7465055728351557
3450,0.746885487290404
3451,0.7476611741205105
3452,0.7612841084426831
3453,0.75046281555404
3454,0.7547066978513883
3455,0.7567240241150399
3456,0.7496058328908184
3457,0.7526886510225046
3458,0.7595611071293579
3459,0.7571734563744811
3460,0.7661349739962436
3461,0.7448552833644431
3462,-0.2697802378410822
3463,-0.2729873105206928
3464,-0.2720348137773511
3465,-0.2703910741127426
3466,-0.2523640839650036
3467,-0.2583225460392344
3468,-0.2698051268673473
3469,-0.257449488361456
3470,-0.2614722747911866
3471,-0.2712777220990803
3472,-0.2557490504640857
3473,-0.2623911755935131
3474,-0.2603726221349525
3475,-0.2593810968202953
3476,-0.2529913413987544
3477,-0.2659391698670239
3478,-0.2662183195381128
3479,-0.2551288347624053
3480,-0.2640007258954922
3481,-0.2637320809473467
3482,-0.2563519926956531
3483,-0.2522009710579546
3484,-0.2608511756016298
3485,-0.2624723395074072
3486,-0.2598262959108157
3487,-0.2764304345968496
3488,-0.2667227992906914
3489,-0.2601724906225394
3490,-0.2666590287262597
3491,-0.2706350786447657
3492,-0.2699486183848286
3493,-0.2630980339173023
3494,-0.2643968159279428
3495,-0.2531307780775962
3496,-0.2578662062733963
3497,-0.2672420697700352
3498,-0.2691027100221009
3499,-0.2725277138905468
3500,-0.2552834423116679
3501,-0.2624738703841678
3502,-0.2449570452719104
3503,-0.2739439457247434
3504,-0.2704860148130596
3505,-0.2717630405798924
3506,-0.2677813275045178
3507,-0.2668106933710151
3508,-0.2694334892906032
3509,-0.2604147709573777
3510,-0.2633697325613
3511,-0.2696343231107
3512,-0.2677813888666629
3513,-0.2566556513790721
3514,-0.26136533071906
3515,-0.2622378022182732
3516,-0.2654756963557624
3517,-0.2592210792421283
3518,-0.268301592359801
3519,-0.2623618842477003
